row_ds_stru,num_serie,categoria,nome,marca,modello
1,3qcuh9myak,Archi,Violoncello,Lothar Semmlinger,No. 300 Solo Cello Oil 4/4
2,hhi6ld8our,Aerofono,Sassofono,Selmer,Reference 54 Alto Sax
3,xtp5kyx4mp,Archi,Violino,Stentor,SR1400 3/4
4,z81ee6cs66,Archi,Violino,Gewa,Maestro 6 3/4
5,p6qfreiaeg,Aerofono,Sassofono,Yamaha,YSS-82ZRS Soprano Sax
6,k5hp63a831,Archi,Violoncello,Vox Meister,CESS4
7,1u1df6i46j,Membranofono,Batteria,Yamaha,Stage Custom Studio -RB Bundle
8,pwfp8s8e8r,Membranofono,Batteria,Yamaha,Recording Custom Studio WLN
9,0qynduy85i,Cordofono,Chitarra,Yamaha,SA2200VS
10,d2pf6vqpun,Archi,Violino,Yamaha,V7 SG34 3/4
11,zevzo9zrvn,Archi,Violoncello,Vox Meister,CEB44
12,g5e18raxf3,Archi,Violoncello,Lothar Semmlinger,No. 300 Solo Cello Oil 4/4
13,zivs6yzisl,Aerofono,Sassofono,Selmer,Reference 54 Alto Sax
14,pkdcnje7lm,Cordofono,Chitarra,Fender,MIJ Troublemaker Tele RW
15,kmuvgwmehz,Cordofono,Basso,Yamaha,BB434
16,pla5zjstz4,Membranofono,Batteria,Yamaha,Stage Custom Studio -RB Bundle
17,25ivv1p6c8,Membranofono,Batteria,Pearl,Roadshow Studio Jet Black
18,9o731dpr8j,Archi,Violoncello,Lothar Semmlinger,No. 135 Cello 4/4
19,fmt2596j6n,Aerofono,Clarinetto,Yamaha,Privilege Bb- Clarinet black
20,3vv0kxquvi,Aerofono,Sassofono,Selmer,SA80 II Tenor Sax SE-T2L
21,pcntv8gei9,Archi,Violoncello,Vox Meister,CEB44
22,sve1467oa1,Cordofono,Chitarra,Fender,MIJ Troublemaker Tele RW
23,7k2wexz6pw,Cordofono,Chitarra,Gibson,ES-355 Dot GM
24,38i5mqa0jv,Archi,Violoncello,Vhienna,Vh Ce44maestro
25,ciwycyxju6,Membranofono,Tamburo,Sonor,HDP Hand Drum
26,wl1ihm9flx,Aerofono,Clarinetto,Yamaha,CP 25/II Bass Clarinet Low C
27,cde6gg9nfm,Archi,Violoncello,Lothar Semmlinger,No. 300 Solo Cello Oil 4/4
28,cqy43b8rsr,Archi,Violoncello,Lothar Semmlinger,No. 135 Cello 4/4
29,8z06470p4z,Aerofono,Sassofono,Selmer,Reference 54 Alto Sax
30,l6jvjqs2sk,Aerofono,Sassofono,Yamaha,YSS-82ZRS Soprano Sax
31,jhbp40lqzx,Cordofono,Chitarra,Fender,American Performer Telecaster
32,gpzai5f9vi,Archi,Violoncello,Lothar Semmlinger,No. 300 Solo Cello Oil 4/4
33,nfltfzp5p8,Cordofono,Basso,Fender,AM Ultra J-Bass MN
34,pw6nfjx5f7,Archi,Violoncello,Lothar Semmlinger,No. 300 Solo Cello Oil 4/4
35,1avsa97qfz,Cordofono,Chitarra,Yamaha,SA2200VS
36,g2hsilhqw9,Membranofono,Tamburo,Sonor,LHDN10 Hand Drum
37,gqenvk25iy,Archi,Violoncello,Vhienna,Vh Ce44maestro
38,chrnuikzgl,Aerofono,Sassofono,Yanagisawa,T-WO2 Tenor Sax
39,3sxh4x2ucy,Aerofono,Clarinetto,Buffet Crampon,blank_marca
40,kvi9ioqw38,Archi,Violino,Stentor,SR1400 3/4
41,pcjxizah45,Cordofono,Basso,Yamaha,TRB1005J
42,4ecpxf3r2x,Cordofono,Chitarra,Yamaha,SA2200VS
43,8kf9fis7ab,Archi,Violino,Yamaha,V7 SG34 3/4
44,ckr5s15vxs,Cordofono,Chitarra,Yamaha,Revstar RS620
45,zcllgqpcg5,Aerofono,Clarinetto,Buffet Crampon,blank_marca
46,li6qnngei9,Aerofono,Sassofono,Yanagisawa,A-WO1 Alto Sax
47,21x5plg5o5,Membranofono,Batteria,Pearl,Roadshow Studio Jet Black
48,x69e80rs6x,Membranofono,Batteria,Pearl,Decade Maple Standard S. Brown
49,1gn5n67ag5,Aerofono,Clarinetto,Buffet Crampon,blank_marca
50,idsfxdkp16,Aerofono,Clarinetto,Selmer,CP 25/II Bass Clarinet Low C
51,qigta8iikz,Membranofono,Batteria,Yamaha,Recording Custom Studio WLN
52,2lyfq78yco,Cordofono,Basso,Gibson,EB Bass
53,p3w3y2jwex,Cordofono,Chitarra,Gibson,SG Standard
54,zlebzwr641,Cordofono,Chitarra,Fender,American Professional Jazzmaster
55,wzyzqmhn46,Membranofono,Batteria,Yamaha,Absolute Hybrid Studio Set-ORS
56,9z9iwsa7r7,Cordofono,Basso,Yamaha,TRB1005J
57,zgcud29kdl,Aerofono,Clarinetto,Yamaha,Privilege 18/5 NEW Bb Clarinet
58,n1wp0uk1tz,Cordofono,Chitarra,Fender,American Professional Jazzmaster
59,5n8o5yq9oe,Aerofono,Clarinetto,Buffet Crampon,blank_marca
60,g3yn7s67ee,Membranofono,Tamburo,Sonor,CGTT10P Tambourin
61,7ne5gp0ikb,Aerofono,Sassofono,Selmer,SA80 II Tenor Sax SE-T2L
62,tl4t6qul84,Cordofono,Basso,Gibson,EB Bass
63,qh24tghu8z,Membranofono,Tamburo,Remo,Ocean Drum Aquarium 2x2.5
64,9zmq32171w,Archi,Violino,Gewa,Allegro VL1 3/4 FC
65,8i8rptw6pa,Cordofono,Chitarra,Gibson,SG Standard
66,v3chap9wpc,Membranofono,Batteria,Yamaha,Absolute Hybrid Studio Set-ORS
67,txbu50tnml,Archi,Violino,Yamaha,V3 SKA 3/4
68,cea289gxkg,Archi,Violino,Yamaha,V3 SKA 3/4
69,hp4nntz1rg,Cordofono,Chitarra,Gibson,SG Standard
70,ih1x59mqk6,Cordofono,Chitarra,Gibson,SG Standard
71,ed07hrsp62,Archi,Violoncello,Vhienna,Vh Ce44maestro
72,ze587tykdp,Cordofono,Basso,Gibson,EB Bass
73,1mrd9z4jwe,Membranofono,Tamburo,Meinl,HD16AB Handtambourin
74,zxlqsy2l0l,Membranofono,Tamburo,Sonor,CGTT10P Tambourin
75,yt5agvg848,Aerofono,Clarinetto,Selmer,Privilege Bb- Clarinet black
76,xhih6ulpql,Aerofono,Clarinetto,Buffet Crampon,blank_marca
77,d70zmf608y,Membranofono,Tamburo,Sonor,CGTT10P Tambourin
78,5ntin7y94n,Aerofono,Clarinetto,Buffet Crampon,blank_marca
79,fadyyjaf9k,Aerofono,Clarinetto,Selmer,Privilege 18/5 NEW Bb Clarinet
80,hylkalcwym,Cordofono,Chitarra,Yamaha,SA2200VS
81,5u2g8dsz2v,Membranofono,Tamburo,"",blank_marca
82,m800lctnne,Aerofono,Clarinetto,Selmer,CP 25/II Bass Clarinet Low C
83,a9beshjwru,Aerofono,Clarinetto,Buffet Crampon,blank_marca
84,8a91kkmsb1,Cordofono,Chitarra,Gibson,SG Standard
85,3c1a59xt14,Cordofono,Chitarra,Yamaha,Revstar RS620
86,ah8txbudet,Aerofono,Sassofono,Yanagisawa,T-WO2 Tenor Sax
87,vf3gh9yhos,Aerofono,Clarinetto,Selmer,Privilege 18/5 NEW Bb Clarinet
88,bdrk05mo3b,Aerofono,Clarinetto,Buffet Crampon,blank_marca
89,85rrav9tlw,Membranofono,Batteria,Ludwig,Pocket Kit Red Sparkle
90,jvkxqrtukb,Archi,Violino,Gewa,Maestro 6 3/4
91,ejdocb6nmj,Archi,Violoncello,Lothar Semmlinger,No. 135 Cello 4/4
92,cu02i3sxs4,Cordofono,Basso,Yamaha,BB434
93,ukwa2yv0l4,Aerofono,Clarinetto,Buffet Crampon,blank_marca
94,f6eoxutoz9,Cordofono,Chitarra,Gibson,1964 Trini Lopez
95,9a2m11f28t,Membranofono,Tamburo,Sonor,LHDN10 Hand Drum
96,k6u1zannjd,Cordofono,Chitarra,Fender,American Performer Telecaster
97,11e2i4a3hj,Cordofono,Basso,Fender,Post Modern P-Bass
98,o54du1hoxm,Cordofono,Chitarra,Gibson,SG Standard
99,mide5g764o,Membranofono,Tamburo,Sonor,CGTT10P Tambourin
100,izwvu5cw38,Membranofono,Tamburo,"",blank_marca
101,3duq9lpgrd,Membranofono,Batteria,Ludwig,Centennial Zep Set LRC2 Bundle
102,lt01q4u77v,Archi,Violino,Yamaha,V5 SC34 3/4
103,ysoizxlv26,Archi,Violino,Stentor,SR1500 Student II 3/4
104,x377fw35co,Archi,Violino,Stentor,SR1400 3/4
105,he9xgevh71,Membranofono,Tamburo,Meinl,FD20SD Sea Drum
106,q2g7dlxtw3,Cordofono,Chitarra,Yamaha,SA2200VS
107,p7wvm54wmy,Archi,Violoncello,Lothar Semmlinger,No. 300 Solo Cello Oil 4/4
108,vfvw1z59b4,Membranofono,Batteria,Gretsch,Energy Standard Black
109,ws3v6qdgmh,Membranofono,Batteria,Pearl,Decade Maple Standard S. Brown
110,clfju1kyiz,Archi,Violoncello,Vhienna,Vh Ce44maestro
111,airnqnmvlc,Archi,Violoncello,Vhienna,Vh Ce44maestro
112,r69q2j3pvc,Aerofono,Sassofono,Selmer,SE-S3S Soprano Sax Silver
113,1n345t1r6g,Membranofono,Tamburo,Meinl,FD20SD Sea Drum
114,12d8ldeim9,Membranofono,Batteria,Pearl,Decade Maple Standard S. Brown
115,30nz3bjapp,Cordofono,Basso,Fender,AM Ultra J-Bass MN
116,rvk6ct3urc,Cordofono,Chitarra,Yamaha,SA2200VS
117,6hjras8fno,Archi,Violino,Gewa,Allegro VL1 3/4 FC
118,g4p94yn54o,Archi,Violoncello,Vhienna,Vh Ce44concerto
119,290jd2uobz,Archi,Violoncello,Lothar Semmlinger,No. 300 Solo Cello Oil 4/4
120,eem416qxa7,Cordofono,Chitarra,Fender,MIJ Troublemaker Tele RW
121,dwy5ql49ft,Aerofono,Clarinetto,Yamaha,CP 25/II Bass Clarinet Low C
122,gf494h2ko4,Archi,Violoncello,Vox Meister,CLS44
123,0ubj176pf0,Archi,Violoncello,Vox Meister,CLS44
124,xlebdlsssp,Aerofono,Clarinetto,Buffet Crampon,blank_marca
125,x1son1jhsy,Archi,Violino,Yamaha,V5 SC34 3/4
126,yaqo4v5amg,Aerofono,Sassofono,Yanagisawa,A-WO1 Alto Sax
127,e2shpysuw0,Cordofono,Chitarra,Fender,American Performer Telecaster
128,pot5j22uay,Membranofono,Batteria,Yamaha,Stage Custom Studio -RB Bundle
129,4meuubxbii,Membranofono,Tamburo,Meinl,FD20SD Sea Drum
130,7wajzej69r,Archi,Violino,Stentor,SR1500 Student II 3/4
131,8a0j7yo0rd,Cordofono,Basso,Fender,AM Ultra J-Bass MN
132,whonv2pu48,Membranofono,Batteria,Yamaha,Absolute Hybrid Studio Set-ORS
133,g84vdu5ukh,Membranofono,Batteria,Ludwig,Breakbeats Set Azure Bundle II
134,loadsvrv20,Cordofono,Basso,Yamaha,BB734A
135,1bxzfajdtg,Archi,Violino,Stentor,SR1500 7/8
136,zmt5q7e6b1,Archi,Violino,Gewa,Maestro 6 3/4
137,dg8w4r02ko,Cordofono,Basso,Fender,Post Modern P-Bass
138,a4qoqbz9p1,Cordofono,Chitarra,Yamaha,Revstar RS620
139,7nrrnoopl6,Archi,Violoncello,Lothar Semmlinger,No. 135 Cello 4/4
140,wlzboeqf1v,Archi,Violoncello,Lothar Semmlinger,No. 300 Solo Cello Oil 4/4
141,czgo6r2fc0,Archi,Violino,Gewa,Ideale VL2 3/4 FC
142,bebvq9htsz,Archi,Violino,Yamaha,V3 SKA 3/4
143,wmdluvrsl6,Cordofono,Basso,Yamaha,TRB1005J
144,jkx6cfneg1,Archi,Violoncello,Lothar Semmlinger,No. 135 Cello 4/4
145,iya8o32yfy,Archi,Violino,Stentor,SR1500 Student II 3/4
146,r45rqtlgr9,Membranofono,Batteria,Yamaha,Stage Custom Studio -RB Bundle
147,d18kmuakeg,Membranofono,Tamburo,Sonor,CGTT10P Tambourin
148,jru2adpile,Aerofono,Sassofono,Yamaha,YAS-62S 04 Alto Sax
149,c2r57mqdlm,Archi,Violino,Stentor,SR1500 7/8
150,qg886gnlsm,Membranofono,Tamburo,Meinl,FD20SD Sea Drum
151,ba0gcjp4ou,Membranofono,Batteria,Ludwig,Breakbeats Set Azure Bundle II
152,bmq8wslwgd,Aerofono,Sassofono,Yamaha,YSS-475 II Soprano Sax
153,y7cy9p9l8s,Cordofono,Basso,Fender,Jaco Pastorius Tribute Jazz
154,bzmcpou3qg,Cordofono,Chitarra,Fender,American Performer Telecaster
155,3hr88z9il1,Aerofono,Sassofono,Selmer,Reference 54 Alto Sax
156,vh6hk75mty,Archi,Violino,Stentor,SR1500 Student II 3/4
157,xl7ej6cz88,Aerofono,Sassofono,Selmer,SE-S3S Soprano Sax Silver
158,bh1kr67a0l,Archi,Violino,Yamaha,V5 SC34 3/4
159,cijq8cucdw,Cordofono,Chitarra,Fender,MIJ Troublemaker Tele RW
160,0fuyrix3m1,Cordofono,Basso,Yamaha,TRB1005J
161,bb9881zp36,Archi,Violino,Yamaha,V5 SC34 3/4
162,x9e4gv3gqr,Archi,Violoncello,Vhienna,Vh Ce44maestro
163,iv3a44odhh,Cordofono,Basso,Yamaha,BB434
164,r4wyfj5v75,Membranofono,Tamburo,"",blank_marca
165,w60nm8f9fx,Archi,Violoncello,Lothar Semmlinger,No. 135 Cello 4/4
166,i2kr43hnqs,Aerofono,Clarinetto,Yamaha,Privilege Bb- Clarinet black
167,ey192s72kn,Membranofono,Batteria,Ludwig,Pocket Kit Red Sparkle
168,hsc5yvtshl,Cordofono,Basso,Yamaha,BB434
169,ngovda5fup,Cordofono,Basso,Yamaha,BB434
170,t77xu9akcf,Cordofono,Chitarra,Gibson,1964 Trini Lopez
171,29tyrzrw1u,Membranofono,Batteria,Gretsch,Energy Standard Black
172,8iyw0f505h,Cordofono,Basso,Gibson,Thunderbird
173,3t0csv99vn,Aerofono,Clarinetto,Selmer,CP 25/II Bass Clarinet Low C
174,u32w2ayycj,Membranofono,Tamburo,Meinl,HD16AB Handtambourin
175,q3w6ykvddu,Membranofono,Tamburo,"",blank_marca
176,0b52as607j,Aerofono,Sassofono,Yamaha,YSS-82ZRS Soprano Sax
177,cx1gu0gko8,Membranofono,Batteria,Pearl,Decade Maple Standard S. Brown
178,374vv84cik,Aerofono,Clarinetto,Buffet Crampon,blank_marca
179,daltc7v4ro,Aerofono,Clarinetto,Yamaha,Privilege Bb- Clarinet black
180,nh5s51teno,Cordofono,Chitarra,Gibson,1964 Trini Lopez
181,h5c96tyedr,Aerofono,Sassofono,Selmer,SE-S3S Soprano Sax Silver
182,iuqm13h4g1,Archi,Violino,Stentor,SR1500 Student II 3/4
183,nzh1wmu3oz,Membranofono,Tamburo,Sonor,CGTT10P Tambourin
184,bo9zubcnp8,Membranofono,Batteria,Pearl,Decade Maple Standard S. Brown
185,iwp4f3msmk,Cordofono,Basso,Yamaha,TRB1005J
186,crt3r6tj43,Archi,Violoncello,Vhienna,Vh Ce44solista
187,dkwv9vbq3g,Membranofono,Batteria,Yamaha,Recording Custom Studio WLN
188,fp21c8vfy7,Cordofono,Basso,Gibson,EB Bass
189,gms8htcau3,Membranofono,Batteria,Ludwig,Centennial Zep Set LRC2 Bundle
190,zzs9qnedf1,Membranofono,Batteria,Pearl,Roadshow Compact Bronze Metal
191,4cdru71fyk,Membranofono,Batteria,Yamaha,Absolute Hybrid Studio Set-ORS
192,m9fzhir7fu,Cordofono,Chitarra,Fender,American Performer Telecaster
193,mcgvklzsjp,Archi,Violoncello,Lothar Semmlinger,No. 135 Cello 4/4
194,f3rtt2mcz4,Aerofono,Sassofono,Yamaha,YSS-82ZRS Soprano Sax
195,yjd33kzcq1,Aerofono,Sassofono,Yamaha,YSS-82ZRS Soprano Sax
196,trd3wkonih,Cordofono,Chitarra,Fender,American Professional Jazzmaster
197,gumvtnzvpx,Archi,Violoncello,Vhienna,Vh Ce44concerto
198,55ebha4tpo,Membranofono,Tamburo,Remo,5
199,vj4dpun5om,Cordofono,Basso,Yamaha,BB734A
200,au2tjdxmwx,Archi,Violino,Yamaha,V5 SC34 3/4
201,2hno2k91z3,Cordofono,Basso,Gibson,Thunderbird
202,44k9skscu8,Aerofono,Sassofono,Selmer,Reference 54 Alto Sax
203,p90j4f3y1u,Cordofono,Chitarra,Gibson,ES-355 Dot GM
204,t1o5ih2nnb,Membranofono,Batteria,Ludwig,Breakbeats Set Azure Bundle II
205,h2szdrxsdd,Archi,Violino,Gewa,Allegro VL1 3/4 FC
206,likbhw4x2f,Cordofono,Chitarra,Fender,MIJ Troublemaker Tele RW
207,7huc0k4gso,Membranofono,Tamburo,"",blank_marca
208,mmp52vycjn,Cordofono,Chitarra,Gibson,ES-355 Dot GM
209,42qlr8b2nn,Cordofono,Chitarra,Fender,American Professional Jazzmaster
210,kj51sq84vq,Membranofono,Tamburo,Meinl,HD22AB-TF Hand Drum True Feel
211,veciqmau3b,Aerofono,Clarinetto,Buffet Crampon,blank_marca
212,et6wombu3i,Aerofono,Clarinetto,Yamaha,CP 25/II Bass Clarinet Low C
213,3qikwffian,Archi,Violino,Gewa,Ideale VL2 3/4 FC
214,6l1xzdyqtj,Membranofono,Tamburo,"",blank_marca
215,qvdqh1pu9n,Aerofono,Clarinetto,Yamaha,Privilege 18/5 NEW Bb Clarinet
216,8vpgwpg1v2,Aerofono,Sassofono,Yamaha,YAS-62S 04 Alto Sax
217,c5ngnyicl4,Cordofono,Basso,Yamaha,BB434
218,yqtuda2tab,Archi,Violino,Yamaha,V5 SC34 3/4
219,nn5iveruj7,Membranofono,Batteria,Ludwig,Pocket Kit Red Sparkle
220,h64qkslrqx,Membranofono,Tamburo,Remo,5
221,m72to0yize,Archi,Violino,Stentor,SR1400 3/4
222,l915jt4ooh,Cordofono,Chitarra,Yamaha,SA2200VS
223,f3l2fbqfaj,Aerofono,Clarinetto,Buffet Crampon,blank_marca
224,3sjhsq8yse,Cordofono,Basso,Yamaha,TRB1005J
225,y1bc3leiqs,Cordofono,Chitarra,Fender,MIJ Troublemaker Tele RW
226,wy9gq89yzr,Cordofono,Basso,Fender,AM Ultra J-Bass MN
227,wfpfnewy2v,Archi,Violoncello,Vox Meister,CESS4
228,ve4r2cb8sw,Cordofono,Basso,Fender,Post Modern P-Bass
229,u98tifr425,Cordofono,Chitarra,Fender,American Performer Telecaster
230,aeu8psbmff,Archi,Violoncello,Lothar Semmlinger,No. 135 Cello 4/4
231,7rsfwxjl3t,Aerofono,Sassofono,Selmer,Reference 54 Alto Sax
232,bwyt1r81oa,Aerofono,Clarinetto,Buffet Crampon,blank_marca
233,41f3h9gp0c,Cordofono,Chitarra,Gibson,ES-355 Dot GM
234,m8vzcpxfkj,Archi,Violoncello,Vox Meister,CLS44
235,gisyv1vfmg,Cordofono,Basso,Yamaha,TRB1005J
236,qwbwksabwd,Cordofono,Basso,Yamaha,BB434
237,klbhybfyyn,Cordofono,Chitarra,Yamaha,Revstar RS620
238,c73gyl54vo,Aerofono,Clarinetto,Yamaha,Privilege 18/5 NEW Bb Clarinet
239,v9uwhl0tpx,Aerofono,Sassofono,Yamaha,YSS-82ZRS Soprano Sax
240,pnlf8qnmj4,Membranofono,Batteria,Yamaha,Recording Custom Studio WLN
241,ksekicxg47,Aerofono,Clarinetto,Selmer,CP 25/II Bass Clarinet Low C
242,53fgtsz8y8,Aerofono,Sassofono,Selmer,SE-S3S Soprano Sax Silver
243,ekxrnpuyzp,Membranofono,Batteria,Ludwig,Breakbeats Set Azure Bundle II
244,bibcrgpzlf,Cordofono,Chitarra,Fender,American Performer Telecaster
245,a5uzt211n7,Aerofono,Clarinetto,Buffet Crampon,blank_marca
246,uvgo9w9xsp,Cordofono,Basso,Yamaha,BB734A
247,vd8xbb2sz6,Cordofono,Chitarra,Gibson,SG Standard
248,1dahir2rkp,Membranofono,Tamburo,Remo,Bahia Buffalo Drum 16x3
249,k4rrbh4shl,Archi,Violoncello,Vox Meister,CEB44
250,kb651n0j68,Aerofono,Sassofono,Selmer,SA80 II Tenor Sax SE-T2L
251,0zts5iyup3,Archi,Violoncello,Vox Meister,CLS44
252,9mchdbyvoi,Archi,Violoncello,Vox Meister,CEB44
253,fq85bd1n2m,Cordofono,Basso,Yamaha,BB434
254,x4lgla5vso,Aerofono,Sassofono,Yamaha,YSS-82ZRS Soprano Sax
255,5j39zeeuw4,Archi,Violoncello,Vox Meister,CESS4
256,ndil3d1aap,Cordofono,Chitarra,Gibson,SG Standard
257,0yvpc532ju,Aerofono,Sassofono,Selmer,Reference 54 Alto Sax
258,l3h9ax9dv7,Cordofono,Chitarra,Yamaha,Revstar RS620
259,upmrs7n30m,Aerofono,Sassofono,Yamaha,YSS-475 II Soprano Sax
260,22nedbf4jb,Aerofono,Sassofono,Selmer,SE-S3S Soprano Sax Silver
261,8vk7m3bhuo,Cordofono,Basso,Fender,AM Ultra J-Bass MN
262,57kn59k75o,Cordofono,Basso,Yamaha,BB434
263,8uoh9dw9cz,Cordofono,Basso,Yamaha,TRB1005J
264,tesge6d713,Archi,Violino,Gewa,Allegro VL1 3/4 FC
265,qgg9vf2j6n,Cordofono,Basso,Yamaha,BB434
266,tb7pmh1rqa,Aerofono,Sassofono,Selmer,SE-S3S Soprano Sax Silver
267,xm5cu9vivf,Archi,Violoncello,Lothar Semmlinger,No. 300 Solo Cello Oil 4/4
268,aumxsu5dds,Aerofono,Clarinetto,Buffet Crampon,blank_marca
269,l2z21xt43c,Cordofono,Chitarra,Gibson,SG Standard
270,2kuon84wjc,Membranofono,Batteria,Gretsch,Energy Studio Grey Steel
271,oearql2lzj,Cordofono,Basso,Gibson,Thunderbird
272,n6hpopcsdp,Aerofono,Sassofono,Selmer,SE-S3S Soprano Sax Silver
273,a4fg0igb48,Archi,Violoncello,Vhienna,Vh Ce44concerto
274,cmoatxdm2y,Aerofono,Clarinetto,Buffet Crampon,blank_marca
275,gpaw3m8u58,Archi,Violino,Stentor,SR1500 Student II 3/4
276,o4e5jre7if,Aerofono,Sassofono,Yamaha,YAS-62S 04 Alto Sax
277,altguajkpy,Aerofono,Sassofono,Yamaha,YSS-475 II Soprano Sax
278,62igi2qsto,Archi,Violoncello,Vox Meister,CEB44
279,3q7lrwhg6o,Archi,Violoncello,Vox Meister,CESS4
280,9z9xj7w96r,Membranofono,Batteria,Yamaha,Stage Custom Studio -RB Bundle
281,fk1faqiaey,Cordofono,Basso,Gibson,SG Bass
282,yov4rulzgj,Cordofono,Chitarra,Fender,MIJ Troublemaker Tele RW
283,2f4nlwdb5t,Archi,Violoncello,Vhienna,Vh Ce44solista
284,wqle500ysa,Aerofono,Clarinetto,Buffet Crampon,blank_marca
285,m1mn1vzpca,Aerofono,Sassofono,Yanagisawa,T-WO2 Tenor Sax
286,nttcbk8508,Membranofono,Batteria,Ludwig,Breakbeats Set Azure Bundle II
287,qp5g1advgt,Archi,Violoncello,Vox Meister,CEB44
288,h5eby7h9u7,Membranofono,Batteria,Pearl,Decade Maple Standard S. Brown
289,g529lx5h5l,Cordofono,Basso,Gibson,SG Bass
290,1xga7dmlv9,Archi,Violoncello,Vox Meister,CESS4
291,yq5cipeuwq,Aerofono,Sassofono,Selmer,SA80 II Tenor Sax SE-T2L
292,gldxyt6491,Cordofono,Basso,Yamaha,BB434
293,0h787usdo3,Cordofono,Basso,Fender,Post Modern P-Bass
294,ivg7b7c0yf,Cordofono,Basso,Fender,Jaco Pastorius Tribute Jazz
295,7nz5kc0per,Aerofono,Sassofono,Yanagisawa,T-WO30 Elite Tenor Sax
296,xa6ilj331b,Aerofono,Clarinetto,Buffet Crampon,blank_marca
297,bf96stc3jy,Aerofono,Sassofono,Selmer,SA80 II Tenor Sax SE-T2L
298,pltn5slzl0,Aerofono,Clarinetto,Buffet Crampon,blank_marca
299,q0csx6x6k0,Aerofono,Sassofono,Yanagisawa,A-WO1 Alto Sax
300,9e1q4zo29v,Archi,Violoncello,Lothar Semmlinger,No. 135 Cello 4/4
301,jffx2qnoxm,Aerofono,Sassofono,Selmer,SA80 II Tenor Sax SE-T2L
302,b2g8mnqkfe,Aerofono,Sassofono,Selmer,SE-S3S Soprano Sax Silver
303,v9pqms9sn2,Membranofono,Batteria,Gretsch,Catalina 7-Piece Bundle SDCB
304,e2ucceezxh,Aerofono,Sassofono,Yanagisawa,A-WO1 Alto Sax
305,io2sf6yv3w,Cordofono,Chitarra,Gibson,SG Standard
306,q69xug6sal,Aerofono,Sassofono,Yamaha,YSS-475 II Soprano Sax
307,hwtlunm7cf,Membranofono,Batteria,Gretsch,Catalina 7-Piece Bundle SDCB
308,8mq68bsi8d,Cordofono,Basso,Yamaha,BB734A
309,nup3k4h4ys,Cordofono,Chitarra,Yamaha,Revstar RS620
310,oxmno8mxgs,Archi,Violino,Yamaha,V5 SC34 3/4
311,gp7pgwfcx0,Cordofono,Basso,Fender,Post Modern P-Bass
312,lss5db33a6,Cordofono,Basso,Yamaha,BB734A
313,oupq6vid9q,Membranofono,Batteria,Ludwig,Pocket Kit Red Sparkle
314,codpwfw2gd,Aerofono,Clarinetto,Selmer,Privilege 18/5 NEW Bb Clarinet
315,zt86crwij5,Aerofono,Sassofono,Yanagisawa,T-WO30 Elite Tenor Sax
316,z9mjemmwjz,Archi,Violino,Gewa,Allegro VL1 3/4 FC
317,gefrc2n2om,Cordofono,Chitarra,Yamaha,SA2200VS
318,2aywlimdyx,Archi,Violino,Yamaha,V3 SKA 3/4
319,s2egj8km87,Aerofono,Clarinetto,Buffet Crampon,blank_marca
320,k4ihfb3zv4,Aerofono,Sassofono,Selmer,SE-S3S Soprano Sax Silver
321,6a856n32t6,Archi,Violino,Stentor,SR1400 3/4
322,liksw09jzb,Cordofono,Chitarra,Gibson,SG Standard
323,0gzeasvj15,Cordofono,Chitarra,Fender,MIJ Troublemaker Tele RW
324,vi9960m9lm,Archi,Violino,Gewa,Ideale VL2 3/4 FC
325,03zvi0jv1t,Aerofono,Sassofono,Yanagisawa,A-WO1 Alto Sax
326,0loxu7c1l3,Membranofono,Tamburo,Remo,5
327,aq6kwbvf3l,Cordofono,Basso,Yamaha,TRB1005J
328,2b17ad7a98,Cordofono,Chitarra,Gibson,1964 Trini Lopez
329,pi05ishonl,Aerofono,Sassofono,Yanagisawa,T-WO2 Tenor Sax
330,lr04ln3ysz,Membranofono,Batteria,Yamaha,Stage Custom Studio -RB Bundle
331,5c5hly5xld,Aerofono,Sassofono,Yanagisawa,T-WO30 Elite Tenor Sax
332,qkiub9ppr9,Membranofono,Tamburo,Sonor,LHDN10 Hand Drum
333,fy8dyyyioy,Membranofono,Tamburo,Meinl,FD20SD Sea Drum
334,db5djp8p92,Membranofono,Batteria,Ludwig,Pocket Kit Red Sparkle
335,qvbe4wldyn,Aerofono,Clarinetto,Selmer,Privilege 18/5 NEW Bb Clarinet
336,903fpbz0jh,Aerofono,Clarinetto,Selmer,Privilege 18/5 NEW Bb Clarinet
337,fst5lon0if,Cordofono,Chitarra,Gibson,1964 Trini Lopez
338,nty3pulm14,Aerofono,Sassofono,Yamaha,YSS-475 II Soprano Sax
339,mwtompyiv3,Aerofono,Sassofono,Yamaha,YAS-62S 04 Alto Sax
340,wub6f8boza,Archi,Violoncello,Vhienna,Vh Ce44concerto
341,k1j8vt11q2,Cordofono,Chitarra,Fender,American Performer Telecaster
342,phxfwl8d6c,Archi,Violino,Stentor,SR1500 7/8
343,gjjvfcpaff,Membranofono,Tamburo,Sonor,CGTT10P Tambourin
344,8g43ld08tx,Membranofono,Batteria,Yamaha,Stage Custom Studio -RB Bundle
345,nv4dfhnp93,Cordofono,Chitarra,Gibson,SG Standard
346,np2pmnu4la,Membranofono,Tamburo,Sonor,LHDN10 Hand Drum
347,npndlfgfgv,Cordofono,Basso,Fender,Jaco Pastorius Tribute Jazz
348,q6carycia5,Cordofono,Basso,Yamaha,TRB1005J
349,y4fcpm3dhm,Membranofono,Tamburo,Meinl,FD20SD Sea Drum
350,q3zg1cmqfd,Aerofono,Sassofono,Yanagisawa,A-WO1 Alto Sax
351,iop1s5drej,Cordofono,Basso,Fender,AM Ultra J-Bass MN
352,67sthvspxq,Archi,Violino,Yamaha,V3 SKA 3/4
353,hk12ykiblj,Aerofono,Sassofono,Yamaha,YSS-475 II Soprano Sax
354,uhbqv0hukv,Aerofono,Sassofono,Selmer,Reference 54 Alto Sax
355,2uws7oeg3q,Cordofono,Chitarra,Fender,American Professional Jazzmaster
356,4o4k7udj7p,Archi,Violoncello,Vhienna,Vh Ce44solista
357,acvemlvm5n,Membranofono,Tamburo,Meinl,HD16AB Handtambourin
358,a652l8prgo,Archi,Violino,Stentor,SR1500 7/8
359,srsnlkudde,Membranofono,Batteria,Gretsch,Energy Standard Black
360,76gzadcr1v,Archi,Violino,Stentor,SR1500 7/8
361,6ede4hhwfz,Aerofono,Clarinetto,Buffet Crampon,blank_marca
362,k7opih8urx,Archi,Violino,Stentor,SR1400 3/4
363,avs2swzico,Archi,Violoncello,Vox Meister,CESS4
364,y7q5gv0weh,Membranofono,Tamburo,Sonor,LHDN10 Hand Drum
365,b6lgd35weh,Cordofono,Chitarra,Yamaha,Revstar RS620
366,abyi6kb784,Cordofono,Chitarra,Yamaha,Revstar RS620
367,7vy7g9hu2p,Membranofono,Batteria,Gretsch,Catalina 7-Piece Bundle SDCB
368,u6xaudrh3h,Archi,Violino,Gewa,Ideale VL2 3/4 FC
369,o4pf5kjzgf,Cordofono,Chitarra,Yamaha,SA2200VS
370,qw0s8zhtg5,Membranofono,Tamburo,"",blank_marca
371,zc4voyfigi,Archi,Violino,Yamaha,V3 SKA 3/4
372,ywqwwk9wvu,Archi,Violoncello,Vhienna,Vh Ce44concerto
373,kdxls3b8d4,Cordofono,Basso,Yamaha,BB734A
374,ek21lx9wmi,Aerofono,Sassofono,Yamaha,YSS-475 II Soprano Sax
375,aie7pzvvib,Cordofono,Chitarra,Yamaha,Revstar RS620
376,hvzugj2678,Cordofono,Basso,Fender,AM Ultra J-Bass MN
377,au25ubo79f,Cordofono,Basso,Fender,Jaco Pastorius Tribute Jazz
378,0oxep11bix,Membranofono,Tamburo,Remo,Buffalo Drum 16x3
379,163v4yxgc7,Aerofono,Clarinetto,Yamaha,Privilege Bb- Clarinet black
380,h6ebiv1za9,Aerofono,Clarinetto,Selmer,Privilege 18/5 NEW Bb Clarinet
381,mt7p77hhz3,Archi,Violoncello,Vox Meister,CLS44
382,9kpgbu05t6,Membranofono,Tamburo,"",blank_marca
383,4h3if0hue6,Archi,Violino,Stentor,SR1400 3/4
384,kj5cltmf40,Aerofono,Sassofono,Yanagisawa,A-WO1 Alto Sax
385,9aliyr5eg0,Membranofono,Batteria,Pearl,Roadshow Studio Jet Black
386,0ek89nrhpy,Archi,Violoncello,Vhienna,Vh Ce44solista
387,krwzx3jcha,Archi,Violoncello,Vhienna,Vh Ce44maestro
388,7gbdrw73vw,Membranofono,Tamburo,Sonor,CGTT10P Tambourin
389,d34bnxmxm5,Membranofono,Tamburo,Sonor,LHDN10 Hand Drum
390,268y8x5sfn,Membranofono,Batteria,Ludwig,Centennial Zep Set LRC2 Bundle
391,szxso0svl1,Aerofono,Clarinetto,Selmer,Privilege Bb- Clarinet black
392,fy63ncqmb1,Archi,Violino,Yamaha,V7 SG34 3/4
393,a6mp39h0kv,Aerofono,Sassofono,Yanagisawa,A-WO1 Alto Sax
394,jwvycrbfj3,Archi,Violino,Stentor,SR1400 3/4
395,l5ws03b9kn,Cordofono,Basso,Yamaha,TRB1005J
396,hn487jsmzl,Aerofono,Clarinetto,Selmer,Privilege Bb- Clarinet black
397,kmuohzd3lv,Cordofono,Basso,Yamaha,TRB1005J
398,92ms4n0406,Cordofono,Basso,Fender,AM Ultra J-Bass MN
399,grnr3bq348,Membranofono,Batteria,Pearl,Decade Maple Standard S. Brown
400,1is6srrdby,Aerofono,Sassofono,Selmer,SE-S3S Soprano Sax Silver
401,e3j2f1grmg,Cordofono,Basso,Gibson,Thunderbird
402,xe0of9nl12,Membranofono,Tamburo,Sonor,LHDN10 Hand Drum
403,2glbqy8927,Aerofono,Sassofono,Yamaha,YSS-82ZRS Soprano Sax
404,3zzpigm9m0,Cordofono,Basso,Fender,Post Modern P-Bass
405,csnewq4l50,Aerofono,Clarinetto,Selmer,Privilege Bb- Clarinet black
406,c2z79v43b1,Aerofono,Sassofono,Selmer,SA80 II Tenor Sax SE-T2L
407,vkgdfh1bl6,Cordofono,Basso,Gibson,SG Bass
408,z8k5q763gv,Archi,Violino,Gewa,Allegro VL1 3/4 FC
409,1yzig1r7ud,Aerofono,Sassofono,Yanagisawa,A-WO1 Alto Sax
410,mijm4iu3ke,Membranofono,Tamburo,"",blank_marca
411,optuxuomzs,Archi,Violino,Stentor,SR1500 Student II 3/4
412,uuecy6fe3w,Aerofono,Clarinetto,Selmer,Privilege 18/5 NEW Bb Clarinet
413,qizxwzp3kj,Archi,Violoncello,Vhienna,Vh Ce44solista
414,y46mu2fori,Cordofono,Basso,Fender,Post Modern P-Bass
415,esb99659h9,Cordofono,Basso,Yamaha,TRB1005J
416,lu3gd07fh3,Cordofono,Chitarra,Gibson,1964 Trini Lopez
417,3fusoysjwo,Membranofono,Batteria,Yamaha,Absolute Hybrid Studio Set-ORS
418,u7qhncr5hy,Membranofono,Tamburo,"",blank_marca
419,kkm5tyavr8,Archi,Violino,Yamaha,V5 SC34 3/4
420,ba2wz6o8kh,Cordofono,Basso,Yamaha,TRB1005J
421,jok3hru2gz,Cordofono,Chitarra,Fender,American Professional Jazzmaster
422,5x40pqvmw2,Archi,Violino,Yamaha,V3 SKA 3/4
423,v3tw8rwoj3,Aerofono,Clarinetto,Yamaha,CP 25/II Bass Clarinet Low C
424,a9vvyyela7,Membranofono,Batteria,Gretsch,Energy Standard Black
425,o8shugmgpv,Cordofono,Chitarra,Yamaha,Revstar RS620
426,se6kmlujg7,Archi,Violoncello,Lothar Semmlinger,No. 300 Solo Cello Oil 4/4
427,gsxbgmj2gh,Aerofono,Sassofono,Selmer,Reference 54 Alto Sax
428,0spogepny8,Archi,Violoncello,Vox Meister,CEB44
429,ijdhp5vbf1,Cordofono,Chitarra,Yamaha,SA2200VS
430,iwpxvwjs7l,Cordofono,Chitarra,Gibson,1964 Trini Lopez
431,c64a6m9fwu,Aerofono,Clarinetto,Yamaha,Privilege Bb- Clarinet black
432,4x1sdm3b6s,Archi,Violino,Stentor,SR1500 Student II 3/4
433,hlwai3xvrm,Archi,Violoncello,Vox Meister,CLS44
434,jh4a63tdye,Aerofono,Clarinetto,Selmer,Privilege Bb- Clarinet black
435,qzv0y83tnj,Membranofono,Tamburo,"",blank_marca
436,jqbj5ty6va,Cordofono,Chitarra,Gibson,1964 Trini Lopez
437,3u6s4kpww8,Archi,Violoncello,Lothar Semmlinger,No. 300 Solo Cello Oil 4/4
438,ndmhi91tr9,Membranofono,Batteria,Yamaha,Stage Custom Studio -RB Bundle
439,cfxokyt37t,Cordofono,Basso,Gibson,Thunderbird
440,wbneey4wb2,Membranofono,Batteria,Pearl,Roadshow Studio Jet Black
441,vcw8b8wccs,Archi,Violino,Yamaha,V7 SG34 3/4
442,r2htszsf9y,Archi,Violino,Yamaha,V3 SKA 3/4
443,exsmu9u5pp,Aerofono,Sassofono,Selmer,Reference 54 Alto Sax
444,pjpk6m73wi,Archi,Violoncello,Vhienna,Vh Ce44concerto
445,ktqelp3c6y,Cordofono,Chitarra,Yamaha,SA2200VS
446,8jg9ly5uts,Membranofono,Batteria,Pearl,Roadshow Studio Jet Black
447,jy19g4pnm4,Archi,Violino,Yamaha,V5 SC34 3/4
448,53app3r3rl,Aerofono,Clarinetto,Selmer,CP 25/II Bass Clarinet Low C
449,erafyzach3,Archi,Violino,Yamaha,V7 SG34 3/4
450,mi0ohmm22w,Archi,Violoncello,Vox Meister,CESS4
451,32j9d968kk,Archi,Violoncello,Lothar Semmlinger,No. 300 Solo Cello Oil 4/4
452,svexmewjst,Aerofono,Clarinetto,Selmer,Privilege 18/5 NEW Bb Clarinet
453,coyynme1ei,Membranofono,Batteria,Pearl,Roadshow Studio Jet Black
454,bc0ywtzgxv,Membranofono,Batteria,Gretsch,Energy Standard Black
455,zjtipay3zc,Aerofono,Clarinetto,Selmer,Privilege Bb- Clarinet black
456,p2vtxefwpy,Membranofono,Batteria,Yamaha,Recording Custom Studio WLN
457,kyjotrge74,Aerofono,Clarinetto,Selmer,Privilege Bb- Clarinet black
458,99ia7i14y4,Cordofono,Basso,Yamaha,BB734A
459,b5b0jufedk,Archi,Violino,Yamaha,V5 SC34 3/4
460,7wsrr9bk6d,Aerofono,Clarinetto,Buffet Crampon,blank_marca
461,3j5v82c01r,Cordofono,Basso,Gibson,SG Bass
462,lj7cka9crp,Membranofono,Batteria,Pearl,Roadshow Studio Jet Black
463,ljo6kkdf9s,Archi,Violino,Yamaha,V3 SKA 3/4
464,b88fwxoxeh,Membranofono,Tamburo,Remo,Ocean Drum Aquarium 2x2.5
465,2wqpqqmif0,Aerofono,Clarinetto,Selmer,Privilege 18/5 NEW Bb Clarinet
466,bqaucmtfvh,Cordofono,Chitarra,Gibson,ES-355 Dot GM
467,cvtlp3lcbt,Cordofono,Chitarra,Fender,MIJ Troublemaker Tele RW
468,quf432m26c,Cordofono,Chitarra,Fender,MIJ Troublemaker Tele RW
469,fq3wdqpy5r,Cordofono,Basso,Fender,Jaco Pastorius Tribute Jazz
470,hqpqx6zdcm,Aerofono,Clarinetto,Buffet Crampon,blank_marca
471,e0i3fa2ccm,Archi,Violoncello,Vox Meister,CLS44
472,djjror6wex,Archi,Violoncello,Vox Meister,CEB44
473,h8m6ih72rk,Cordofono,Chitarra,Yamaha,SA2200VS
474,3bauavrb5n,Cordofono,Basso,Gibson,SG Bass
475,a9922ex98u,Cordofono,Basso,Fender,Jaco Pastorius Tribute Jazz
476,uhj4ciqysj,Aerofono,Clarinetto,Yamaha,Privilege 18/5 NEW Bb Clarinet
477,88o1zo09h3,Archi,Violino,Gewa,Ideale VL2 3/4 FC
478,iwki9fcyth,Archi,Violino,Yamaha,V7 SG34 3/4
479,6pfylf04og,Membranofono,Tamburo,"",blank_marca
480,dc7chfq9hz,Membranofono,Batteria,Pearl,Decade Maple Standard S. Brown
481,kdbi61tmsi,Cordofono,Basso,Yamaha,TRB1005J
482,wknqyywyui,Archi,Violoncello,Vhienna,Vh Ce44solista
483,k9vawhj0b9,Archi,Violoncello,Lothar Semmlinger,No. 135 Cello 4/4
484,4zm32k7rdk,Aerofono,Clarinetto,Yamaha,Privilege Bb- Clarinet black
485,b13aumevos,Cordofono,Chitarra,Fender,American Professional Jazzmaster
486,nr8up78ssp,Archi,Violino,Yamaha,V3 SKA 3/4
487,lpt4dbsf78,Cordofono,Chitarra,Fender,American Professional Jazzmaster
488,jm85e7piwv,Archi,Violino,Gewa,Allegro VL1 3/4 FC
489,914zdkp1b5,Archi,Violino,Yamaha,V5 SC34 3/4
490,njmtuke061,Archi,Violino,Gewa,Maestro 6 3/4
491,vune55l7yf,Aerofono,Sassofono,Yanagisawa,T-WO2 Tenor Sax
492,w1dlhlekpu,Cordofono,Chitarra,Yamaha,SA2200VS
493,6qgcv85gex,Aerofono,Sassofono,Yanagisawa,T-WO2 Tenor Sax
494,1u4v88fvpl,Cordofono,Chitarra,Yamaha,SA2200VS
495,3qnnb42rlh,Archi,Violino,Stentor,SR1500 7/8
496,yjuecpwrpb,Membranofono,Tamburo,Remo,Bahia Buffalo Drum 16x3
497,pujeuauql0,Archi,Violoncello,Vhienna,Vh Ce44concerto
498,h6sbasl85f,Aerofono,Clarinetto,Selmer,Privilege Bb- Clarinet black
499,4tjsc20w4a,Archi,Violino,Yamaha,V7 SG34 3/4
500,dzy1g8oyf4,Cordofono,Chitarra,Yamaha,Revstar RS620
501,ae967ctg65,Aerofono,Sassofono,Selmer,Reference 54 Alto Sax
502,9czbk8bzba,Cordofono,Chitarra,Gibson,SG Standard
503,tp65n9mu4v,Membranofono,Tamburo,Remo,Bahia Buffalo Drum 16x3
504,h5ms92t2h2,Cordofono,Chitarra,Yamaha,Revstar RS620
505,e6av3hs1gj,Cordofono,Basso,Gibson,Thunderbird
506,t69m0nbfe0,Aerofono,Clarinetto,Selmer,Privilege 18/5 NEW Bb Clarinet
507,lkz22msgsc,Cordofono,Chitarra,Fender,MIJ Troublemaker Tele RW
508,lstf39rbaz,Membranofono,Batteria,Gretsch,Energy Standard Black
509,8cf306k78u,Archi,Violino,Gewa,Ideale VL2 3/4 FC
510,hsl27wpj5b,Aerofono,Clarinetto,Yamaha,CP 25/II Bass Clarinet Low C
511,papkqi7ok3,Membranofono,Tamburo,"",blank_marca
512,t38xog428p,Archi,Violoncello,Vhienna,Vh Ce44maestro
513,aidbi0jmnv,Aerofono,Clarinetto,Buffet Crampon,blank_marca
514,tky6emovgf,Membranofono,Tamburo,Remo,Buffalo Drum 16x3
515,p2wxxkplj6,Archi,Violino,Stentor,SR1500 Student II 3/4
516,vaqcbq3vff,Aerofono,Clarinetto,Selmer,CP 25/II Bass Clarinet Low C
517,exp3lg9ufp,Cordofono,Basso,Fender,AM Ultra J-Bass MN
518,v1dtfc0y9p,Archi,Violoncello,Vhienna,Vh Ce44solista
519,2oi3y2fmoe,Cordofono,Basso,Gibson,SG Bass
520,mac739r5gr,Archi,Violoncello,Lothar Semmlinger,No. 135 Cello 4/4
521,4ncy4d03rc,Membranofono,Batteria,Yamaha,Recording Custom Studio WLN
522,hxux5m9jho,Archi,Violino,Gewa,Maestro 6 3/4
523,w1xggezhnu,Membranofono,Batteria,Pearl,Decade Maple Standard S. Brown
524,vdrbhn2eas,Aerofono,Sassofono,Yanagisawa,T-WO30 Elite Tenor Sax
525,v8bcebnvd3,Cordofono,Basso,Fender,Post Modern P-Bass
526,sxj8y06i43,Aerofono,Clarinetto,Selmer,Privilege Bb- Clarinet black
527,wh0677jqpx,Aerofono,Sassofono,Selmer,SE-S3S Soprano Sax Silver
528,1gwqf8keh5,Aerofono,Clarinetto,Yamaha,CP 25/II Bass Clarinet Low C
529,ucjkvavo77,Cordofono,Basso,Fender,Post Modern P-Bass
530,wisbinsf0f,Membranofono,Batteria,Yamaha,Stage Custom Studio -RB Bundle
531,al0uipdatb,Membranofono,Batteria,Ludwig,Centennial Zep Set LRC2 Bundle
532,f7amidh2sc,Cordofono,Chitarra,Fender,American Professional Jazzmaster
533,oexhfnktq1,Aerofono,Clarinetto,Buffet Crampon,blank_marca
534,j00ccq0wlb,Cordofono,Basso,Gibson,SG Bass
535,gjkvdp97rk,Cordofono,Basso,Yamaha,BB734A
536,vtgsug35hr,Membranofono,Batteria,Ludwig,Pocket Kit Red Sparkle
537,6vn55u8vwf,Aerofono,Sassofono,Yamaha,YSS-82ZRS Soprano Sax
538,jyx31nih2m,Cordofono,Chitarra,Gibson,SG Standard
539,t5mznd929r,Archi,Violoncello,Vhienna,Vh Ce44concerto
540,ko0ecxypvr,Aerofono,Sassofono,Selmer,SE-S3S Soprano Sax Silver
541,ipwpzfv9v7,Aerofono,Clarinetto,Yamaha,CP 25/II Bass Clarinet Low C
542,1uc8mvz1ll,Archi,Violoncello,Lothar Semmlinger,No. 300 Solo Cello Oil 4/4
543,n3t9ga9j3m,Cordofono,Chitarra,Yamaha,SA2200VS
544,5cz4ysarjk,Aerofono,Sassofono,Yamaha,YAS-62S 04 Alto Sax
545,i8hrcu7646,Archi,Violoncello,Vhienna,Vh Ce44maestro
546,jmce8aiucw,Aerofono,Sassofono,Yamaha,YAS-62S 04 Alto Sax
547,uuzcr279wn,Aerofono,Sassofono,Selmer,SE-S3S Soprano Sax Silver
548,vegnbuifok,Aerofono,Clarinetto,Selmer,Privilege Bb- Clarinet black
549,0ik8bpopms,Aerofono,Sassofono,Yamaha,YSS-82ZRS Soprano Sax
550,o8no4hq016,Cordofono,Basso,Fender,AM Ultra J-Bass MN
551,n40kasdku4,Membranofono,Tamburo,Remo,Bahia Buffalo Drum 16x3
552,3arumjmaf6,Cordofono,Chitarra,Fender,MIJ Troublemaker Tele RW
553,6zi6ak63cw,Aerofono,Clarinetto,Yamaha,CP 25/II Bass Clarinet Low C
554,dqc1tyace0,Membranofono,Batteria,Ludwig,Breakbeats Set Azure Bundle II
555,v8mes73kf7,Archi,Violino,Yamaha,V3 SKA 3/4
556,5zs7dd8l9y,Membranofono,Batteria,Yamaha,Recording Custom Studio WLN
557,9yoamne3wt,Archi,Violino,Yamaha,V7 SG34 3/4
558,0pm9y0ke9k,Archi,Violino,Gewa,Allegro VL1 3/4 FC
559,t4vn74pbkm,Membranofono,Tamburo,Meinl,FD20SD Sea Drum
560,vot5g2irfv,Membranofono,Batteria,Yamaha,Absolute Hybrid Studio Set-ORS
561,2k1k0ebym8,Archi,Violoncello,Vhienna,Vh Ce44maestro
562,mh1fxntz6x,Membranofono,Batteria,Ludwig,Breakbeats Set Azure Bundle II
563,iynu6jn17u,Membranofono,Tamburo,Remo,Bahia Buffalo Drum 16x3
564,ih4kwtupgx,Membranofono,Batteria,Ludwig,Breakbeats Set Azure Bundle II
565,7y6brthckh,Archi,Violino,Yamaha,V5 SC34 3/4
566,k1a1psegyc,Cordofono,Basso,Yamaha,BB734A
567,moqrhxw7y2,Aerofono,Clarinetto,Selmer,Privilege Bb- Clarinet black
568,v44sr7gncn,Aerofono,Sassofono,Yamaha,YAS-62S 04 Alto Sax
569,loinytkno0,Aerofono,Clarinetto,Selmer,Privilege 18/5 NEW Bb Clarinet
570,qnbtibyc5g,Aerofono,Clarinetto,Selmer,Privilege 18/5 NEW Bb Clarinet
571,8m1drooebs,Archi,Violoncello,Lothar Semmlinger,No. 135 Cello 4/4
572,rkehfvvxdl,Archi,Violino,Stentor,SR1500 7/8
573,fx2ws7mmjm,Aerofono,Clarinetto,Yamaha,CP 25/II Bass Clarinet Low C
574,urfarthhpv,Membranofono,Batteria,Yamaha,Recording Custom Studio WLN
575,kcj2ipm2aw,Archi,Violoncello,Lothar Semmlinger,No. 135 Cello 4/4
576,8vrafgcj2r,Membranofono,Tamburo,Remo,5
577,00ivijdkjq,Aerofono,Sassofono,Yanagisawa,T-WO30 Elite Tenor Sax
578,zgs303pobl,Cordofono,Basso,Yamaha,TRB1005J
579,hcqswshqem,Aerofono,Clarinetto,Selmer,Privilege 18/5 NEW Bb Clarinet
580,35tqjqrrdz,Membranofono,Tamburo,Meinl,HD16AB Handtambourin
581,n8197acqv8,Aerofono,Clarinetto,Buffet Crampon,blank_marca
582,0sewpcee0g,Aerofono,Clarinetto,Yamaha,Privilege Bb- Clarinet black
583,d0tbcmvvnp,Cordofono,Basso,Fender,Post Modern P-Bass
584,2ny2whd0bq,Archi,Violoncello,Vhienna,Vh Ce44concerto
585,q1ffl0ejc4,Cordofono,Chitarra,Gibson,ES-355 Dot GM
586,bxibd9tx63,Aerofono,Sassofono,Selmer,SA80 II Tenor Sax SE-T2L
587,v8farmm6a0,Aerofono,Sassofono,Yanagisawa,A-WO1 Alto Sax
588,1kkzjt0fjx,Cordofono,Chitarra,Gibson,SG Standard
589,xxip0ack2o,Archi,Violoncello,Vhienna,Vh Ce44solista
590,hdq2u8l5g8,Membranofono,Batteria,Pearl,Decade Maple Standard S. Brown
591,9p9n6zwprl,Membranofono,Tamburo,"",blank_marca
592,kku23fmsct,Cordofono,Chitarra,Fender,American Professional Jazzmaster
593,96hhnv9qsl,Cordofono,Chitarra,Gibson,ES-355 Dot GM
594,19mksdygla,Archi,Violoncello,Vhienna,Vh Ce44maestro
595,55y49i29af,Archi,Violoncello,Vox Meister,CESS4
596,xr222zv0rp,Cordofono,Chitarra,Gibson,ES-355 Dot GM
597,gsgwh1jsz2,Aerofono,Sassofono,Yanagisawa,A-WO1 Alto Sax
598,2lz8hznxbs,Cordofono,Basso,Fender,Jaco Pastorius Tribute Jazz
599,a6pu3kcfey,Cordofono,Chitarra,Gibson,ES-355 Dot GM
600,tob0qreshh,Aerofono,Sassofono,Yanagisawa,A-WO1 Alto Sax
601,mr7lb990jc,Aerofono,Clarinetto,Buffet Crampon,blank_marca
602,ryxoa3uvk2,Cordofono,Chitarra,Yamaha,Revstar RS620
603,i67irahili,Membranofono,Batteria,Gretsch,Energy Standard Black
604,86qw3778fk,Aerofono,Clarinetto,Buffet Crampon,blank_marca
605,9h04m7uezs,Membranofono,Batteria,Ludwig,Centennial Zep Set LRC2 Bundle
606,t5ekuyrylg,Cordofono,Chitarra,Fender,American Performer Telecaster
607,wppbqo32h6,Aerofono,Clarinetto,Buffet Crampon,blank_marca
608,94jbq80fs0,Membranofono,Tamburo,Remo,Ocean Drum Aquarium 2x2.5
609,byxq9qevo9,Aerofono,Sassofono,Selmer,SA80 II Tenor Sax SE-T2L
610,emu84iquum,Membranofono,Batteria,Yamaha,Absolute Hybrid Studio Set-ORS
611,7rxqr24s6u,Cordofono,Chitarra,Fender,MIJ Troublemaker Tele RW
612,p7lkpue2vi,Archi,Violoncello,Vhienna,Vh Ce44solista
613,98bte811jg,Archi,Violoncello,Vox Meister,CLS44
614,nvtec5lh5o,Archi,Violino,Stentor,SR1400 3/4
615,yhnwyv5hxk,Aerofono,Sassofono,Yamaha,YSS-475 II Soprano Sax
616,e6js4edso9,Membranofono,Tamburo,Meinl,FD20SD Sea Drum
617,85r3c4iu53,Archi,Violino,Gewa,Allegro VL1 3/4 FC
618,m7apxkgwxg,Membranofono,Batteria,Gretsch,Catalina 7-Piece Bundle SDCB
619,a1gr8o42el,Cordofono,Chitarra,Fender,MIJ Troublemaker Tele RW
620,6mekge37qm,Aerofono,Clarinetto,Yamaha,CP 25/II Bass Clarinet Low C
621,xy37chv063,Archi,Violino,Stentor,SR1500 Student II 3/4
622,g95vjpagnd,Aerofono,Sassofono,Selmer,Reference 54 Alto Sax
623,2spdf51iwt,Cordofono,Basso,Yamaha,BB434
624,cetozbq9ra,Membranofono,Tamburo,Meinl,HD16AB Handtambourin
625,s8a80afcvq,Membranofono,Tamburo,Meinl,FD20SD Sea Drum
626,l4x56gziio,Membranofono,Tamburo,Sonor,HDP Hand Drum
627,4gzjkzy27p,Cordofono,Chitarra,Yamaha,SA2200VS
628,gzgsplvv52,Cordofono,Basso,Yamaha,BB434
629,rct7g2969y,Cordofono,Chitarra,Gibson,1964 Trini Lopez
630,mfw4s8fqff,Aerofono,Clarinetto,Yamaha,Privilege 18/5 NEW Bb Clarinet
631,qumrtrxktj,Cordofono,Basso,Yamaha,BB434
632,kla1fcw78v,Cordofono,Basso,Gibson,EB Bass
633,tpbqml9x1d,Cordofono,Chitarra,Gibson,1964 Trini Lopez
634,4aq4w39o40,Cordofono,Basso,Gibson,SG Bass
635,3mat9ux4se,Aerofono,Sassofono,Yamaha,YAS-62S 04 Alto Sax
636,vpiy0pm6ed,Membranofono,Tamburo,Sonor,HDP Hand Drum
637,dr15liz0rw,Aerofono,Sassofono,Yamaha,YSS-82ZRS Soprano Sax
638,e5louyvaj8,Membranofono,Batteria,Pearl,Roadshow Compact Bronze Metal
639,sycc52xnky,Archi,Violoncello,Vhienna,Vh Ce44solista
640,5vctghf3hf,Membranofono,Tamburo,Meinl,FD20SD Sea Drum
641,784gw5k5dq,Cordofono,Basso,Gibson,Thunderbird
642,rdl6jqnxg6,Cordofono,Basso,Gibson,EB Bass
643,o64lnufdhl,Cordofono,Chitarra,Gibson,ES-355 Dot GM
644,6610e4521t,Aerofono,Clarinetto,Buffet Crampon,blank_marca
645,a6oze7ko6e,Membranofono,Tamburo,"",blank_marca
646,mmohjkghqb,Archi,Violoncello,Lothar Semmlinger,No. 135 Cello 4/4
647,zm6ijdf5og,Membranofono,Tamburo,Meinl,HD16AB Handtambourin
648,0qqw1gpktz,Aerofono,Clarinetto,Yamaha,Privilege 18/5 NEW Bb Clarinet
649,nv21o24u85,Aerofono,Sassofono,Selmer,Reference 54 Alto Sax
650,h77d8d1f83,Membranofono,Batteria,Pearl,Roadshow Studio Jet Black
651,4g0hpijbnp,Membranofono,Tamburo,Remo,5
652,bhuj8z2k1j,Archi,Violino,Gewa,Ideale VL2 3/4 FC
653,ox1f194p9i,Cordofono,Chitarra,Gibson,SG Standard
654,0n0wanrt58,Archi,Violoncello,Lothar Semmlinger,No. 300 Solo Cello Oil 4/4
655,trtcrtnoki,Membranofono,Tamburo,Sonor,HDP Hand Drum
656,gllilcc2ti,Membranofono,Batteria,Yamaha,Stage Custom Studio -RB Bundle
657,2x9cyrhk0l,Cordofono,Chitarra,Yamaha,SA2200VS
658,7rpkqh0ckh,Aerofono,Clarinetto,Yamaha,Privilege 18/5 NEW Bb Clarinet
659,47gyah3obc,Cordofono,Chitarra,Fender,MIJ Troublemaker Tele RW
660,fgsnjbqvky,Cordofono,Chitarra,Yamaha,Revstar RS620
661,9grb3ja1ra,Archi,Violino,Yamaha,V3 SKA 3/4
662,fo0my3in7t,Archi,Violoncello,Vox Meister,CEB44
663,vd2sgx0lcx,Aerofono,Sassofono,Yanagisawa,T-WO30 Elite Tenor Sax
664,xlwogjtbp4,Cordofono,Basso,Yamaha,BB734A
665,16u5exeu0w,Archi,Violoncello,Lothar Semmlinger,No. 135 Cello 4/4
666,idaysq1tcz,Archi,Violino,Gewa,Maestro 6 3/4
667,7mzwaq09vx,Aerofono,Sassofono,Yanagisawa,A-WO1 Alto Sax
668,slawsd0u0h,Archi,Violoncello,Vox Meister,CESS4
669,1eeemw484d,Archi,Violino,Yamaha,V3 SKA 3/4
670,3q24vj8b4c,Archi,Violino,Stentor,SR1500 7/8
671,cazwp76gyn,Archi,Violoncello,Lothar Semmlinger,No. 135 Cello 4/4
672,b4ptsi9502,Aerofono,Sassofono,Selmer,SA80 II Tenor Sax SE-T2L
673,y5095jj5k4,Cordofono,Basso,Yamaha,TRB1005J
674,nvxq3cbxdp,Membranofono,Batteria,Gretsch,Energy Studio Grey Steel
675,0t5s5bdjq7,Cordofono,Basso,Fender,AM Ultra J-Bass MN
676,e2f7jew1r3,Archi,Violino,Yamaha,V3 SKA 3/4
677,tsngbj3myj,Archi,Violoncello,Vox Meister,CLS44
678,yxuc90dlqz,Membranofono,Tamburo,"",blank_marca
679,swoii4c9t6,Cordofono,Basso,Gibson,EB Bass
680,dnyly1ryu5,Cordofono,Basso,Yamaha,TRB1005J
681,24e9wovxxg,Aerofono,Sassofono,Selmer,SE-S3S Soprano Sax Silver
682,0m5wxa864q,Membranofono,Tamburo,Sonor,LHDN10 Hand Drum
683,mrl8zeq0a8,Membranofono,Batteria,Pearl,Decade Maple Standard S. Brown
684,32h1p0c3wc,Aerofono,Clarinetto,Buffet Crampon,blank_marca
685,fo51moeb5n,Membranofono,Tamburo,Sonor,HDP Hand Drum
686,lad0a5qp7j,Archi,Violino,Stentor,SR1400 3/4
687,2h715vzykx,Cordofono,Basso,Yamaha,BB734A
688,v45gmarofj,Membranofono,Batteria,Yamaha,Recording Custom Studio WLN
689,x2cwgc8on5,Archi,Violino,Gewa,Ideale VL2 3/4 FC
690,l40yodeztg,Membranofono,Batteria,Pearl,Roadshow Compact Bronze Metal
691,f80t2ctuef,Aerofono,Sassofono,Selmer,SA80 II Tenor Sax SE-T2L
692,65uzbp9uls,Aerofono,Clarinetto,Yamaha,CP 25/II Bass Clarinet Low C
693,65d7ywi45r,Archi,Violoncello,Vhienna,Vh Ce44concerto
694,4t3wrmqdcz,Cordofono,Chitarra,Fender,American Professional Jazzmaster
695,h3sduzmhjn,Membranofono,Tamburo,Sonor,HDP Hand Drum
696,fukkqiu46g,Cordofono,Basso,Fender,Post Modern P-Bass
697,eabxxxnx8x,Membranofono,Tamburo,"",blank_marca
698,3cjhbp30o6,Membranofono,Batteria,Ludwig,Pocket Kit Red Sparkle
699,1681r771kg,Cordofono,Basso,Yamaha,BB734A
700,rn3l7jwusz,Aerofono,Clarinetto,Buffet Crampon,blank_marca
701,w6i1hdyk1s,Membranofono,Batteria,Ludwig,Centennial Zep Set LRC2 Bundle
702,6827d48qxv,Membranofono,Batteria,Pearl,Decade Maple Standard S. Brown
703,m73tqqh7o1,Archi,Violino,Gewa,Maestro 6 3/4
704,91224xramm,Cordofono,Chitarra,Fender,American Professional Jazzmaster
705,rl6gehq1hw,Membranofono,Tamburo,Sonor,LHDN10 Hand Drum
706,2dimd7x2pq,Aerofono,Sassofono,Selmer,Reference 54 Alto Sax
707,mhei9wt542,Aerofono,Sassofono,Yanagisawa,A-WO1 Alto Sax
708,a0r6xv3vrf,Aerofono,Clarinetto,Yamaha,Privilege Bb- Clarinet black
709,xi0li8yyl9,Archi,Violoncello,Vox Meister,CEB44
710,roykznp3sf,Membranofono,Tamburo,Sonor,LHDN10 Hand Drum
711,0n9b5ct0zc,Cordofono,Chitarra,Gibson,1964 Trini Lopez
712,znb5n03a3y,Membranofono,Batteria,Gretsch,Catalina 7-Piece Bundle SDCB
713,tptjwd4wry,Membranofono,Tamburo,"",blank_marca
714,h4r5yul7vi,Cordofono,Chitarra,Gibson,1964 Trini Lopez
715,0r6len2da1,Archi,Violino,Yamaha,V3 SKA 3/4
716,cbk2c42pyb,Aerofono,Clarinetto,Selmer,Privilege Bb- Clarinet black
717,mgps2ao8fd,Aerofono,Clarinetto,Selmer,Privilege Bb- Clarinet black
718,v7cgbc52cq,Aerofono,Clarinetto,Buffet Crampon,blank_marca
719,m0cyzbnjvq,Cordofono,Basso,Gibson,EB Bass
720,7x3yz0772d,Aerofono,Sassofono,Selmer,SA80 II Tenor Sax SE-T2L
721,p6uoaj9ma6,Aerofono,Sassofono,Selmer,SE-S3S Soprano Sax Silver
722,tk4yoeqyvc,Archi,Violino,Stentor,SR1500 Student II 3/4
723,u1sjacnmin,Aerofono,Clarinetto,Selmer,CP 25/II Bass Clarinet Low C
724,rm08r4aiu4,Membranofono,Batteria,Gretsch,Energy Studio Grey Steel
725,2kwj4558jl,Membranofono,Batteria,Gretsch,Energy Studio Grey Steel
726,8b6be6f0ez,Membranofono,Tamburo,"",blank_marca
727,nydcg7nlc3,Aerofono,Sassofono,Yamaha,YSS-475 II Soprano Sax
728,xevx9kh564,Aerofono,Sassofono,Selmer,SA80 II Tenor Sax SE-T2L
729,nd1wz7vk05,Archi,Violoncello,Vox Meister,CESS4
730,hdd8hnlasl,Aerofono,Sassofono,Selmer,SA80 II Tenor Sax SE-T2L
731,tqz48tx110,Cordofono,Basso,Fender,Post Modern P-Bass
732,zov5t2b3xq,Archi,Violoncello,Lothar Semmlinger,No. 300 Solo Cello Oil 4/4
733,z6e4fmkry1,Cordofono,Chitarra,Yamaha,SA2200VS
734,vbwx0rk5au,Membranofono,Batteria,Yamaha,Stage Custom Studio -RB Bundle
735,mm0tfgf16t,Membranofono,Batteria,Ludwig,Breakbeats Set Azure Bundle II
736,mc4p0vn2nd,Membranofono,Batteria,Ludwig,Centennial Zep Set LRC2 Bundle
737,fmlvpuvv3e,Aerofono,Clarinetto,Buffet Crampon,blank_marca
738,fzdlz21jhs,Cordofono,Basso,Yamaha,BB734A
739,4o60dv7oft,Aerofono,Sassofono,Selmer,Reference 54 Alto Sax
740,9kayarp78p,Membranofono,Tamburo,Remo,Bahia Buffalo Drum 16x3
741,ud6cn8aesy,Cordofono,Basso,Fender,Jaco Pastorius Tribute Jazz
742,2ouiqupa7h,Cordofono,Chitarra,Gibson,SG Standard
743,6gbkaefzd0,Aerofono,Sassofono,Selmer,Reference 54 Alto Sax
744,lyr87wnhfo,Aerofono,Clarinetto,Selmer,Privilege Bb- Clarinet black
745,lzu7bbfjo4,Archi,Violino,Gewa,Maestro 6 3/4
746,9xmq4wclts,Aerofono,Sassofono,Yamaha,YSS-82ZRS Soprano Sax
747,lpx34x2xal,Cordofono,Basso,Gibson,Thunderbird
748,8f2v5sutb2,Membranofono,Tamburo,Meinl,HD22AB-TF Hand Drum True Feel
749,kbozpv4y0v,Archi,Violino,Stentor,SR1500 Student II 3/4
750,y5rd5e4tob,Aerofono,Clarinetto,Selmer,Privilege Bb- Clarinet black
751,7gcqie2v1z,Cordofono,Basso,Yamaha,TRB1005J
752,2riuwd3cv8,Aerofono,Clarinetto,Buffet Crampon,blank_marca
753,eomr3wuu1w,Archi,Violino,Yamaha,V5 SC34 3/4
754,suc1a23j40,Cordofono,Chitarra,Yamaha,Revstar RS620
755,exzwaxoe3a,Aerofono,Clarinetto,Buffet Crampon,blank_marca
756,21fk0v20gs,Cordofono,Chitarra,Gibson,SG Standard
757,00oydes83o,Aerofono,Sassofono,Yanagisawa,A-WO1 Alto Sax
758,dox6crb5is,Aerofono,Clarinetto,Selmer,Privilege 18/5 NEW Bb Clarinet
759,m4mi1m7bzm,Aerofono,Sassofono,Yanagisawa,T-WO30 Elite Tenor Sax
760,ibohn22wz2,Archi,Violino,Stentor,SR1400 3/4
761,v69mlf9619,Aerofono,Clarinetto,Yamaha,CP 25/II Bass Clarinet Low C
762,eugljowktn,Cordofono,Chitarra,Fender,American Professional Jazzmaster
763,yd1fmhq5xh,Cordofono,Basso,Gibson,Thunderbird
764,jv5o9lhwog,Aerofono,Sassofono,Yamaha,YAS-62S 04 Alto Sax
765,5ziilglxdc,Membranofono,Tamburo,"",blank_marca
766,ottsrxfkxq,Archi,Violino,Yamaha,V3 SKA 3/4
767,3d5m1twjhh,Membranofono,Batteria,Ludwig,Breakbeats Set Azure Bundle II
768,g8srjvjcth,Cordofono,Chitarra,Fender,American Professional Jazzmaster
769,l8ufmcu14j,Aerofono,Clarinetto,Yamaha,Privilege 18/5 NEW Bb Clarinet
770,ddkdom73d5,Cordofono,Chitarra,Yamaha,Revstar RS620
771,4n56t6vxlq,Aerofono,Clarinetto,Buffet Crampon,blank_marca
772,toellofp1a,Cordofono,Chitarra,Gibson,1964 Trini Lopez
773,9ax6qvmomy,Aerofono,Sassofono,Yanagisawa,T-WO2 Tenor Sax
774,4v9fj7rtio,Membranofono,Batteria,Yamaha,Recording Custom Studio WLN
775,xbzacgm1f6,Aerofono,Clarinetto,Yamaha,CP 25/II Bass Clarinet Low C
776,p2e0uha9bk,Aerofono,Clarinetto,Yamaha,Privilege Bb- Clarinet black
777,g9dv7jtdab,Membranofono,Tamburo,Sonor,CGTT10P Tambourin
778,n6mqqxv8j8,Membranofono,Batteria,Ludwig,Centennial Zep Set LRC2 Bundle
779,towtwpese4,Aerofono,Clarinetto,Yamaha,CP 25/II Bass Clarinet Low C
780,2t5otx8vlu,Cordofono,Basso,Gibson,SG Bass
781,uzxsvf62rv,Membranofono,Batteria,Ludwig,Breakbeats Set Azure Bundle II
782,yxiww8ay1q,Aerofono,Sassofono,Selmer,SE-S3S Soprano Sax Silver
783,gspn5niuc9,Membranofono,Tamburo,Sonor,CGTT10P Tambourin
784,s6slc5irqw,Membranofono,Tamburo,"",blank_marca
785,3a2qq5fnfy,Archi,Violoncello,Lothar Semmlinger,No. 135 Cello 4/4
786,g0z5wirug2,Cordofono,Chitarra,Yamaha,SA2200VS
787,42tib4sfdt,Archi,Violoncello,Lothar Semmlinger,No. 300 Solo Cello Oil 4/4
788,m9aezcigi6,Archi,Violoncello,Vox Meister,CLS44
789,286ctorb8g,Membranofono,Batteria,Ludwig,Breakbeats Set Azure Bundle II
790,6gkuo0rnge,Archi,Violino,Gewa,Maestro 6 3/4
791,wvrdd73hba,Membranofono,Batteria,Yamaha,Recording Custom Studio WLN
792,howwebc771,Aerofono,Clarinetto,Yamaha,Privilege Bb- Clarinet black
793,10a32rnvk3,Aerofono,Sassofono,Yamaha,YSS-475 II Soprano Sax
794,awl7k48u3a,Membranofono,Batteria,Yamaha,Recording Custom Studio WLN
795,npnunwylip,Cordofono,Chitarra,Gibson,ES-355 Dot GM
796,w1fnxqn8kz,Archi,Violoncello,Vhienna,Vh Ce44concerto
797,id3d63p44v,Membranofono,Batteria,Pearl,Roadshow Studio Jet Black
798,fkizexa5jg,Archi,Violino,Gewa,Ideale VL2 3/4 FC
799,wlcektoiid,Archi,Violino,Yamaha,V3 SKA 3/4
800,kf27quf288,Cordofono,Chitarra,Yamaha,Revstar RS620
801,5666n9l1g8,Cordofono,Basso,Gibson,Thunderbird
802,r01zrzsi2t,Membranofono,Batteria,Yamaha,Recording Custom Studio WLN
803,phcdo4azvr,Archi,Violino,Stentor,SR1500 7/8
804,ulsajar1g5,Archi,Violino,Gewa,Maestro 6 3/4
805,sntoisfwdi,Archi,Violino,Yamaha,V7 SG34 3/4
806,crvi39xsid,Cordofono,Chitarra,Fender,MIJ Troublemaker Tele RW
807,gi51st48l5,Archi,Violoncello,Vhienna,Vh Ce44maestro
808,v50vhdxs8z,Membranofono,Batteria,Ludwig,Centennial Zep Set LRC2 Bundle
809,wiws0uq7qc,Aerofono,Sassofono,Selmer,SE-S3S Soprano Sax Silver
810,y9jc554hhu,Archi,Violoncello,Lothar Semmlinger,No. 300 Solo Cello Oil 4/4
811,6s1fpuf9pg,Membranofono,Tamburo,Sonor,LHDN10 Hand Drum
812,yso3lvn1oo,Archi,Violoncello,Vhienna,Vh Ce44concerto
813,huu8f4lkdf,Archi,Violino,Yamaha,V5 SC34 3/4
814,r2u29ycqr6,Membranofono,Batteria,Yamaha,Absolute Hybrid Studio Set-ORS
815,8rwi86htyh,Archi,Violino,Stentor,SR1500 Student II 3/4
816,sazu2iqodn,Cordofono,Basso,Fender,Jaco Pastorius Tribute Jazz
817,05xu1q6tax,Membranofono,Tamburo,"",blank_marca
818,6x3gz873b9,Aerofono,Sassofono,Yamaha,YAS-62S 04 Alto Sax
819,s24a5ofbbl,Membranofono,Tamburo,"",blank_marca
820,f3i9d2xyfk,Aerofono,Sassofono,Yanagisawa,T-WO30 Elite Tenor Sax
821,axv8eauq6w,Archi,Violino,Yamaha,V7 SG34 3/4
822,6r4b6rllf1,Membranofono,Batteria,Yamaha,Stage Custom Studio -RB Bundle
823,2pxbhgwilr,Membranofono,Tamburo,"",blank_marca
824,bmy48cb5oi,Membranofono,Batteria,Pearl,Roadshow Studio Jet Black
825,69zjepdzu1,Archi,Violino,Stentor,SR1400 3/4
826,61y92j58ut,Aerofono,Sassofono,Yanagisawa,A-WO1 Alto Sax
827,u9xkqy2qer,Membranofono,Batteria,Pearl,Decade Maple Standard S. Brown
828,60zm3qscxj,Cordofono,Chitarra,Gibson,SG Standard
829,8vvl4o37c3,Aerofono,Clarinetto,Yamaha,Privilege 18/5 NEW Bb Clarinet
830,jkrxru3q18,Membranofono,Batteria,Pearl,Decade Maple Standard S. Brown
831,mi80gmq1nt,Membranofono,Batteria,Yamaha,Recording Custom Studio WLN
832,o1mgys3r8e,Aerofono,Sassofono,Selmer,SE-S3S Soprano Sax Silver
833,erl60yf18j,Membranofono,Tamburo,"",blank_marca
834,acgur8k5em,Archi,Violoncello,Lothar Semmlinger,No. 135 Cello 4/4
835,81t0724hrn,Membranofono,Batteria,Gretsch,Energy Studio Grey Steel
836,snrdpcappo,Membranofono,Batteria,Pearl,Decade Maple Standard S. Brown
837,ct939353kn,Aerofono,Sassofono,Selmer,SE-S3S Soprano Sax Silver
838,jb1tmg8p2w,Aerofono,Sassofono,Selmer,SE-S3S Soprano Sax Silver
839,unv65ms0b8,Membranofono,Tamburo,"",blank_marca
840,abn2yr0dpm,Aerofono,Sassofono,Yanagisawa,T-WO30 Elite Tenor Sax
841,s70mveo5s6,Cordofono,Chitarra,Fender,American Performer Telecaster
842,gwa5ukrq9q,Aerofono,Clarinetto,Selmer,Privilege 18/5 NEW Bb Clarinet
843,t0i6mvw5hp,Archi,Violino,Yamaha,V7 SG34 3/4
844,4rs7sqh2nm,Aerofono,Sassofono,Yanagisawa,T-WO30 Elite Tenor Sax
845,iatq5quwcw,Archi,Violoncello,Vhienna,Vh Ce44concerto
846,bbw0uc3mgy,Archi,Violino,Yamaha,V3 SKA 3/4
847,9ooblk0bdj,Cordofono,Chitarra,Yamaha,Revstar RS620
848,gvquqvv66b,Cordofono,Basso,Gibson,EB Bass
849,4ja01pikv3,Archi,Violoncello,Vhienna,Vh Ce44maestro
850,a5zndz7zqk,Archi,Violino,Gewa,Allegro VL1 3/4 FC
851,w785dmsgvl,Aerofono,Sassofono,Yamaha,YSS-82ZRS Soprano Sax
852,ikvjhse8s4,Archi,Violino,Stentor,SR1400 3/4
853,qawueozpx7,Archi,Violoncello,Vhienna,Vh Ce44solista
854,xpz15lybrm,Archi,Violino,Gewa,Maestro 6 3/4
855,c8jn2irlev,Cordofono,Chitarra,Fender,MIJ Troublemaker Tele RW
856,vgqju6knmb,Aerofono,Clarinetto,Buffet Crampon,blank_marca
857,updyb56hf1,Membranofono,Tamburo,"",blank_marca
858,h19zmanq5m,Cordofono,Chitarra,Yamaha,Revstar RS620
859,d4qj935uvz,Archi,Violoncello,Vhienna,Vh Ce44concerto
860,zjniuxu18u,Cordofono,Chitarra,Fender,American Performer Telecaster
861,f4s8oaupmc,Membranofono,Batteria,Pearl,Roadshow Studio Jet Black
862,9e8i75eii7,Membranofono,Tamburo,"",blank_marca
863,4hhpxe2r1s,Cordofono,Basso,Gibson,SG Bass
864,97a20k37a7,Membranofono,Batteria,Pearl,Roadshow Compact Bronze Metal
865,fj41en0q8n,Cordofono,Chitarra,Gibson,1964 Trini Lopez
866,6omcgjhsis,Archi,Violoncello,Vhienna,Vh Ce44solista
867,wotnhnpu07,Membranofono,Tamburo,Remo,5
868,r6taotd585,Archi,Violoncello,Vhienna,Vh Ce44maestro
869,u01py25hf9,Cordofono,Chitarra,Fender,MIJ Troublemaker Tele RW
870,v5h222brjy,Aerofono,Sassofono,Yanagisawa,T-WO30 Elite Tenor Sax
871,gp7n5kxxl2,Archi,Violino,Yamaha,V5 SC34 3/4
872,xupmpx5cp8,Membranofono,Tamburo,Sonor,CGTT10P Tambourin
873,a9d7g7705u,Archi,Violoncello,Vox Meister,CEB44
874,ia6dvv0nql,Archi,Violino,Gewa,Maestro 6 3/4
875,07ln4yrujc,Membranofono,Batteria,Gretsch,Energy Studio Grey Steel
876,9s53wwlkym,Cordofono,Chitarra,Fender,American Professional Jazzmaster
877,4dkel05p0r,Membranofono,Tamburo,Sonor,CGTT10P Tambourin
878,rxi2id5v7u,Aerofono,Clarinetto,Selmer,Privilege Bb- Clarinet black
879,qxnojq6m80,Aerofono,Sassofono,Selmer,Reference 54 Alto Sax
880,7y3cdrubcw,Cordofono,Chitarra,Fender,American Professional Jazzmaster
881,4ic0h2822n,Cordofono,Basso,Fender,Jaco Pastorius Tribute Jazz
882,t9pkff4981,Membranofono,Tamburo,Sonor,HDP Hand Drum
883,e6ydzltcox,Membranofono,Batteria,Yamaha,Recording Custom Studio WLN
884,xjm4xdwh36,Cordofono,Chitarra,Yamaha,SA2200VS
885,1jnskhuc2m,Aerofono,Sassofono,Selmer,Reference 54 Alto Sax
886,94tdh5ki7u,Membranofono,Batteria,Yamaha,Stage Custom Studio -RB Bundle
887,sktes2yp67,Membranofono,Batteria,Pearl,Decade Maple Standard S. Brown
888,prm4fom12j,Cordofono,Chitarra,Fender,American Professional Jazzmaster
889,482gz7ovc0,Cordofono,Basso,Yamaha,BB434
890,uswjflhtbl,Archi,Violoncello,Vox Meister,CLS44
891,3mj65xpl0r,Membranofono,Tamburo,Remo,5
892,9ybho31wij,Aerofono,Clarinetto,Buffet Crampon,blank_marca
893,50mhqf3yjr,Cordofono,Basso,Fender,Post Modern P-Bass
894,uoacxr7au7,Membranofono,Batteria,Ludwig,Breakbeats Set Azure Bundle II
895,wlydhbtpbp,Aerofono,Sassofono,Yanagisawa,T-WO2 Tenor Sax
896,zlxrcxu0vb,Membranofono,Batteria,Pearl,Decade Maple Standard S. Brown
897,47gnd8iirf,Membranofono,Tamburo,Sonor,HDP Hand Drum
898,323kghgtq8,Archi,Violino,Stentor,SR1500 Student II 3/4
899,7bwkob5mlu,Membranofono,Tamburo,"",blank_marca
900,rqg0se7qbz,Membranofono,Batteria,Ludwig,Breakbeats Set Azure Bundle II
901,1xri2575k6,Membranofono,Batteria,Ludwig,Pocket Kit Red Sparkle
902,yucftjvbrz,Cordofono,Basso,Yamaha,BB434
903,oe0sqra4ow,Cordofono,Chitarra,Gibson,ES-355 Dot GM
904,krcbt4hx8n,Archi,Violoncello,Vox Meister,CESS4
905,ah5a8eibai,Archi,Violoncello,Vox Meister,CEB44
906,wqdw0f7jbn,Aerofono,Sassofono,Selmer,Reference 54 Alto Sax
907,jn2rxw7og0,Archi,Violoncello,Lothar Semmlinger,No. 300 Solo Cello Oil 4/4
908,wngmvgvuki,Aerofono,Sassofono,Selmer,SA80 II Tenor Sax SE-T2L
909,85uxxrjh7b,Aerofono,Clarinetto,Yamaha,Privilege 18/5 NEW Bb Clarinet
910,r49q1pl05j,Cordofono,Chitarra,Fender,American Performer Telecaster
911,4fnoqcscdn,Archi,Violino,Yamaha,V7 SG34 3/4
912,1k3yzo74e5,Cordofono,Chitarra,Gibson,ES-355 Dot GM
913,sx2vxga5vg,Membranofono,Batteria,Yamaha,Stage Custom Studio -RB Bundle
914,z8j4r7y992,Membranofono,Batteria,Gretsch,Energy Studio Grey Steel
915,et4jk7py0a,Membranofono,Batteria,Pearl,Roadshow Compact Bronze Metal
916,eoajha2lio,Archi,Violoncello,Lothar Semmlinger,No. 300 Solo Cello Oil 4/4
917,fdljvy6q8t,Aerofono,Sassofono,Yamaha,YSS-475 II Soprano Sax
918,s8rzslh8rr,Archi,Violino,Stentor,SR1400 3/4
919,xjxsss57i3,Membranofono,Batteria,Ludwig,Centennial Zep Set LRC2 Bundle
920,0zowajizkk,Membranofono,Tamburo,Meinl,FD20SD Sea Drum
921,4ikwp0dc3k,Aerofono,Sassofono,Yanagisawa,T-WO30 Elite Tenor Sax
922,z0gf8oobgy,Archi,Violoncello,Vhienna,Vh Ce44maestro
923,ulni21lfbx,Cordofono,Basso,Yamaha,TRB1005J
924,5mblyhoebc,Archi,Violino,Gewa,Allegro VL1 3/4 FC
925,0bu5bsh9m7,Aerofono,Clarinetto,Buffet Crampon,blank_marca
926,9s9y6ozsnu,Aerofono,Sassofono,Yanagisawa,T-WO2 Tenor Sax
927,2kqc98r9rv,Membranofono,Batteria,Pearl,Roadshow Studio Jet Black
928,rx2je8i2ka,Aerofono,Clarinetto,Yamaha,Privilege Bb- Clarinet black
929,psvcexr8w1,Aerofono,Sassofono,Yamaha,YAS-62S 04 Alto Sax
930,ajkgbwcv5f,Aerofono,Clarinetto,Buffet Crampon,blank_marca
931,pderytmnpj,Membranofono,Tamburo,Meinl,FD20SD Sea Drum
932,yh7jrqepsv,Aerofono,Clarinetto,Selmer,CP 25/II Bass Clarinet Low C
933,hdcbq17hq4,Archi,Violoncello,Lothar Semmlinger,No. 300 Solo Cello Oil 4/4
934,91yrdheuya,Aerofono,Clarinetto,Selmer,CP 25/II Bass Clarinet Low C
935,ub2lezejj5,Archi,Violoncello,Vox Meister,CEB44
936,ckr2we2227,Membranofono,Batteria,Pearl,Roadshow Studio Jet Black
937,wo1isc4ne6,Membranofono,Batteria,Yamaha,Absolute Hybrid Studio Set-ORS
938,dy4li4tilf,Aerofono,Clarinetto,Buffet Crampon,blank_marca
939,0t1ln54a5p,Archi,Violino,Stentor,SR1500 Student II 3/4
940,imcfd8o5to,Archi,Violoncello,Vhienna,Vh Ce44concerto
941,f6k14tnkx2,Membranofono,Batteria,Yamaha,Recording Custom Studio WLN
942,5157fcuurb,Membranofono,Tamburo,Remo,Bahia Buffalo Drum 16x3
943,zep9ljw2wv,Aerofono,Clarinetto,Selmer,Privilege Bb- Clarinet black
944,wjemot21fk,Cordofono,Chitarra,Yamaha,Revstar RS620
945,6pbbubhj8c,Cordofono,Basso,Gibson,SG Bass
946,z4snmqpvq4,Archi,Violino,Gewa,Ideale VL2 3/4 FC
947,yxhjtdhtbe,Membranofono,Batteria,Pearl,Roadshow Compact Bronze Metal
948,gg7hqpmn7t,Aerofono,Sassofono,Yamaha,YSS-82ZRS Soprano Sax
949,xw4o07nzjn,Membranofono,Batteria,Gretsch,Energy Studio Grey Steel
950,t5lm25qwti,Membranofono,Tamburo,Meinl,FD20SD Sea Drum
951,hjrxi06pxh,Aerofono,Sassofono,Selmer,Reference 54 Alto Sax
952,xh1yucjdin,Archi,Violino,Stentor,SR1500 Student II 3/4
953,iuadhanres,Cordofono,Chitarra,Gibson,ES-355 Dot GM
954,rzneb9a299,Cordofono,Basso,Yamaha,BB434
955,5qdhcf3mk2,Aerofono,Clarinetto,Buffet Crampon,blank_marca
956,ml0vehisc2,Membranofono,Batteria,Gretsch,Catalina 7-Piece Bundle SDCB
957,qrafvea6j3,Aerofono,Clarinetto,Yamaha,Privilege Bb- Clarinet black
958,6ccy2ylzkz,Archi,Violoncello,Lothar Semmlinger,No. 300 Solo Cello Oil 4/4
959,52f5lqxda2,Archi,Violoncello,Lothar Semmlinger,No. 300 Solo Cello Oil 4/4
960,pp4pn9nswr,Membranofono,Tamburo,Sonor,HDP Hand Drum
961,zepxwu3cyy,Aerofono,Clarinetto,Buffet Crampon,blank_marca
962,c1xs6mpua8,Archi,Violino,Yamaha,V7 SG34 3/4
963,sczg95ffn3,Cordofono,Basso,Fender,Jaco Pastorius Tribute Jazz
964,ga8kn9kil8,Archi,Violino,Yamaha,V5 SC34 3/4
965,4lrjab5zem,Aerofono,Sassofono,Selmer,SA80 II Tenor Sax SE-T2L
966,nsvzqcwt9h,Aerofono,Sassofono,Selmer,SA80 II Tenor Sax SE-T2L
967,hm0m5mxsoj,Aerofono,Clarinetto,Selmer,CP 25/II Bass Clarinet Low C
968,66ztvj3ws7,Aerofono,Clarinetto,Buffet Crampon,blank_marca
969,msfwzlv5sq,Archi,Violoncello,Lothar Semmlinger,No. 300 Solo Cello Oil 4/4
970,oq0dw09ehm,Cordofono,Basso,Fender,Post Modern P-Bass
971,1wd6mz8949,Cordofono,Basso,Gibson,SG Bass
972,oaoqclrr3t,Aerofono,Sassofono,Yamaha,YSS-82ZRS Soprano Sax
973,ow64e5e6qg,Membranofono,Tamburo,Remo,Ocean Drum Aquarium 2x2.5
974,ttrw7by7m4,Aerofono,Clarinetto,Yamaha,CP 25/II Bass Clarinet Low C
975,6i46qa6z23,Archi,Violoncello,Vhienna,Vh Ce44solista
976,l97ybv4xbc,Archi,Violoncello,Vox Meister,CEB44
977,zppmsbb6vl,Cordofono,Basso,Yamaha,TRB1005J
978,0d7hl5ren6,Aerofono,Clarinetto,Selmer,Privilege 18/5 NEW Bb Clarinet
979,3zhzozgxpn,Membranofono,Tamburo,"",blank_marca
980,kjc4o51h6f,Archi,Violino,Yamaha,V5 SC34 3/4
981,5gj5p72v29,Archi,Violino,Yamaha,V3 SKA 3/4
982,o1zgvtt5mh,Membranofono,Batteria,Gretsch,Catalina 7-Piece Bundle SDCB
983,uiin7c7nxh,Aerofono,Clarinetto,Selmer,Privilege Bb- Clarinet black
984,kftujzpyxl,Archi,Violoncello,Lothar Semmlinger,No. 300 Solo Cello Oil 4/4
985,xcpenwgldv,Aerofono,Sassofono,Yamaha,YSS-475 II Soprano Sax
986,q8tvgplv4o,Aerofono,Clarinetto,Yamaha,Privilege Bb- Clarinet black
987,nyv7lmqezf,Cordofono,Basso,Gibson,SG Bass
988,9xhw7rdr17,Aerofono,Sassofono,Yamaha,YSS-82ZRS Soprano Sax
989,hlyh42a110,Archi,Violoncello,Lothar Semmlinger,No. 300 Solo Cello Oil 4/4
990,norlqyps7d,Membranofono,Tamburo,Meinl,HD22AB-TF Hand Drum True Feel
991,q8hqxcxrmq,Aerofono,Sassofono,Selmer,Reference 54 Alto Sax
992,d3y6ddwxq6,Cordofono,Basso,Fender,Jaco Pastorius Tribute Jazz
993,o03zv3nuix,Cordofono,Basso,Gibson,SG Bass
994,z4sh26kliw,Archi,Violino,Yamaha,V7 SG34 3/4
995,v67pm73wmv,Membranofono,Batteria,Pearl,Decade Maple Standard S. Brown
996,1vxceudk5v,Aerofono,Sassofono,Yanagisawa,T-WO2 Tenor Sax
997,5qh6rgbp1t,Cordofono,Chitarra,Yamaha,SA2200VS
998,mcuu0nxue2,Archi,Violino,Stentor,SR1400 3/4
999,nzor1jon9u,Aerofono,Sassofono,Yamaha,YAS-62S 04 Alto Sax
1000,5g4newngxb,Aerofono,Clarinetto,Selmer,Privilege 18/5 NEW Bb Clarinet
