num_serie,marca,categoria,modello,peso,nome,row_strumento,prezzo
b3u51davym,Ortega,Cordofono,soldacre0,5.59,Banjo,1,780.21
ltg88euqok,Ortega,Aerofono,nvasichev1,4.57,Clarinetto,2,260.83
nutwxk1i43,Yamaha,Archi,bvye2,6.83,Violoncello,3,678.77
ahjb4kt9f1,Bontempi,Membranofono,dhobell3,1.95,Bongo,4,861.59
pcf17dne3b,Goya,Aerofono,sespie4,3.36,Sassofono,5,847.93
awa7xykhz7,Bontempi,Membranofono,bcromer5,6.47,Bongo,6,563.0
4h9vpb296t,Goya,Cordofono,tkrahl6,1.79,Ukulele,7,373.66
addq9pogxz,Gretsch,Membranofono,vespasa7,1.83,Tamburo,8,131.97
m1l1rvqedi,Fender,Archi,eoiseau8,1.7,Violoncello,9,407.1
qe5ub9rzf8,Gibson,Membranofono,snodes9,3.81,Bongo,10,750.82
k92glw7h86,Gibson,Cordofono,ktotaroa,4.0,Mandolino,11,874.98
qmn1pl0xkk,Gotoh,Membranofono,jhaineb,4.71,Bongo,12,602.1
sa0etxoz15,Gotoh,Idiofono,dbenitoc,1.38,Triangolo,13,252.28
3mdd1h1hpx,Gibson,Aerofono,dcheesmand,5.0,Sassofono,14,605.15
n8vm5bm8my,Bontempi,Membranofono,sworboye,1.4,Batteria,15,165.16
4bxgkv23ix,Bontempi,Aerofono,lpichanf,2.96,Sassofono,16,713.39
08qnlfuqab,Ortega,Membranofono,gpossellg,7.7,Batteria,17,160.14
fwk8lhmsxl,Ortega,Aerofono,vfarmanh,1.23,Flauto,18,68.18
asxv0lwb13,Fender,Membranofono,rgerdtsi,2.47,Timpano,19,147.38
fm6m4rf3is,Yamaha,Archi,pbohlmannj,3.57,Violoncello,20,179.88
umgl11z25g,Bontempi,Aerofono,bstokek,3.18,Clarinetto,21,849.83
d1ziwpgini,Yamaha,Membranofono,dbeacockl,5.94,Batteria,22,382.79
8x02s362d0,Goya,Membranofono,kmcgarveym,3.58,Timpano,23,934.75
96q5gtt6ut,Fender,Idiofono,vwhiterodn,3.55,Campana,24,348.95
sxr65fagki,Harleybenton,Membranofono,adowtyo,5.77,Tamburo,25,637.72
65l58jpxox,Fender,Aerofono,atassellp,4.21,Clarinetto,26,823.66
dbx07bg32e,Gotoh,Archi,jpressmanq,3.49,Violoncello,27,241.28
marx9iyrt9,Yamaha,Cordofono,lwelsbyr,7.73,Mandolino,28,562.54
cztxcixufd,Goya,Archi,wklainmans,6.1,Violino,29,435.12
9o0dxh1nc4,Gretsch,Idiofono,wjessardt,7.36,Xilofono,30,690.06
awp46zv0hn,Ortega,Archi,jmacsweeneyu,3.45,Violino,31,56.31
6iazrh5ndz,Goya,Cordofono,cmiddlebrookv,6.21,Mandolino,32,318.91
bocyvem1ih,Fender,Membranofono,breinbechw,7.93,Batteria,33,724.84
hodsd9lne1,Goya,Idiofono,ahullex,7.51,Triangolo,34,685.42
q3wgh6al6c,Gretsch,Archi,rbaylissy,1.9,Violino,35,137.66
lx9m0wvrmr,Gretsch,Idiofono,rmatteviz,5.51,Triangolo,36,507.92
0b055apjja,Bontempi,Aerofono,lfurman10,2.35,Oboe,37,614.32
f2rsmpj4h2,Gretsch,Idiofono,rmacalester11,2.96,Triangolo,38,798.31
do9muhdidm,Gretsch,Membranofono,rfell12,2.05,Tamburo,39,309.56
8oekzak6tk,Yamaha,Membranofono,arait13,7.77,Batteria,40,27.82
bgsevwciso,Bontempi,Membranofono,tenterlein14,4.84,Batteria,41,397.89
pybnwqj0y4,Yamaha,Archi,foldknowe15,7.04,Viola,42,323.19
zwz7pdfkfb,Harleybenton,Membranofono,htownsend16,3.45,Batteria,43,460.47
emvh893e4r,Yamaha,Idiofono,rklimas17,1.46,Triangolo,44,405.91
e2xb5sm28j,Gretsch,Archi,eellph18,2.31,Violino,45,74.23
gp7fcky8il,Gibson,Aerofono,glenihan19,4.71,Sassofono,46,912.67
j8cno8l9xe,Bontempi,Cordofono,lcabrera1a,2.0,Chitarra,47,802.3
5nl6h85lrn,Harleybenton,Membranofono,dtsarovic1b,6.18,Bongo,48,64.94
74azot4pic,Gretsch,Aerofono,datkins1c,7.34,Tromba,49,506.94
4iztx6ayqx,Ortega,Cordofono,cbassam1d,7.25,Chitarra,50,436.04
62npg9ygwn,Fender,Archi,gdymond1e,3.63,Violoncello,51,536.23
c7kne9xhdb,Bontempi,Idiofono,ahassey1f,6.71,Metallofono,52,735.76
k9w2p6f7ix,Gretsch,Cordofono,yjerosch1g,2.09,Mandolino,53,153.69
rwkcfjo4mz,Yamaha,Idiofono,dbarnwall1h,4.08,Triangolo,54,896.2
195d8r7pcy,Ortega,Aerofono,eshewsmith1i,5.0,Oboe,55,476.94
p9y1zb267w,Harleybenton,Membranofono,rmancktelow1j,4.6,Tamburo,56,292.7
nsti97mnpa,Bontempi,Idiofono,gpyrton1k,6.48,Triangolo,57,901.43
ho2suw4buq,Fender,Aerofono,lcowle1l,6.01,Clarinetto,58,823.41
4tjhvyg7z9,Gretsch,Membranofono,sboissier1m,7.28,Timpano,59,608.14
ias6y2frg6,Yamaha,Idiofono,jparminter1n,4.41,Triangolo,60,496.09
0hqtguqbwx,Goya,Idiofono,kchesworth1o,7.76,Xilofono,61,138.98
9q97cfz5vb,Fender,Membranofono,omeads1p,5.09,Batteria,62,904.25
mtibd2is5r,Bontempi,Aerofono,dtyas1q,4.56,Clarinetto,63,349.13
frfip5nqmk,Yamaha,Idiofono,csnodden1r,4.51,Campana,64,78.83
pew0srrwkq,Fender,Aerofono,kcammack1s,7.47,Flauto,65,942.88
ybjizegmre,Gotoh,Cordofono,nmcgiffie1t,6.35,Ukulele,66,215.02
2jeecngnbx,Goya,Membranofono,rbeddow1u,6.97,Tamburo,67,534.19
fxdrtdqh59,Gibson,Membranofono,gashburne1v,7.13,Batteria,68,412.49
1nrm386ylq,Harleybenton,Archi,adelacote1w,1.88,Viola,69,851.29
emhu002nez,Gibson,Cordofono,hpugsley1x,4.74,Chitarra,70,369.21
ppp97juixe,Gretsch,Cordofono,ngwioneth1y,5.44,Banjo,71,523.74
rrvu23yzvk,Yamaha,Membranofono,bgonnet1z,6.72,Tamburo,72,390.99
9265dqdc5d,Yamaha,Membranofono,lspreag20,1.15,Bongo,73,480.03
xtvaog9jgd,Yamaha,Membranofono,fbarbrook21,4.13,Timpano,74,644.58
m5pwe8jcrt,Gibson,Cordofono,lbenny22,7.93,Chitarra,75,861.9
0ne8ga2ia1,Ortega,Aerofono,abimson23,7.44,Oboe,76,123.51
5q7egbehu1,Gotoh,Cordofono,griglar24,3.91,Ukulele,77,230.98
j2zo498lqm,Gretsch,Aerofono,wchidzoy25,6.81,Sassofono,78,293.84
w8j7818wcm,Gotoh,Membranofono,awatkins26,3.41,Timpano,79,654.76
iv2m9fih26,Harleybenton,Archi,bmulvey27,7.3,Contrabbasso,80,249.42
odj7ocjlv7,Goya,Membranofono,ccaves28,2.44,Tamburo,81,480.07
43xlagb42g,Fender,Cordofono,jdoyley29,5.68,Chitarra,82,747.29
0xxyua8sht,Yamaha,Cordofono,awinters2a,4.61,Chitarra,83,173.98
c6rtqzgpz0,Harleybenton,Archi,kproffer2b,6.01,Violino,84,169.94
n8ahkelttz,Ortega,Membranofono,efountian2c,4.03,Bongo,85,151.73
avm6nlfrq7,Yamaha,Archi,tocullinane2d,2.86,Violino,86,658.44
5rlo9a9awb,Gretsch,Idiofono,sclara2e,6.83,Metallofono,87,950.1
77y6q2bw83,Gretsch,Idiofono,oalenichicov2f,7.31,Xilofono,88,272.93
ntvh9barin,Fender,Aerofono,zcheccuzzi2g,7.35,Flauto,89,93.07
hrwgpwi950,Fender,Membranofono,sdenzey2h,5.54,Batteria,90,566.51
t9fl72gas7,Bontempi,Aerofono,ssowrey2i,5.14,Clarinetto,91,149.77
rf9u5mkrqg,Gibson,Idiofono,dshelley2j,4.14,Xilofono,92,702.52
65c97a6i2e,Gretsch,Archi,eperocci2k,4.48,Contrabbasso,93,238.9
plu3dsnuoj,Ortega,Membranofono,bthoumas2l,1.51,Timpano,94,897.23
3jij7wfckq,Gretsch,Membranofono,srebbeck2m,6.99,Batteria,95,778.95
wmlthriv4n,Gretsch,Archi,epilfold2n,2.64,Violoncello,96,487.87
b4z976943h,Gotoh,Cordofono,alippitt2o,6.39,Ukulele,97,272.41
a7r1w9hqtx,Bontempi,Cordofono,gprozillo2p,6.07,Mandolino,98,513.37
h4b37susdo,Bontempi,Membranofono,gscotchbrook2q,6.76,Tamburo,99,482.51
x8g1eyd0gp,Gibson,Archi,cdeleon2r,4.3,Viola,100,374.83
5tucv5kco8,Goya,Cordofono,obasnett2s,4.83,Mandolino,101,304.17
7m79t5kjlg,Yamaha,Cordofono,athomlinson2t,3.13,Mandolino,102,753.06
34wc1x3dvb,Gretsch,Idiofono,gmander2u,3.6,Metallofono,103,134.61
p7v28mtx6f,Gotoh,Membranofono,rmarkwell2v,7.26,Batteria,104,183.04
ot4uxuqd13,Goya,Membranofono,eclail2w,4.7,Batteria,105,24.68
okdi209wgz,Fender,Archi,ahails2x,7.81,Violoncello,106,596.12
tpj37788wy,Ortega,Cordofono,jcolborn2y,3.18,Chitarra,107,725.11
28r6crpy7g,Gotoh,Membranofono,fgreggs2z,4.68,Timpano,108,707.68
bo03vyx87l,Bontempi,Aerofono,nlestrange30,4.26,Clarinetto,109,792.88
tutyfk4ln0,Goya,Membranofono,pmongenot31,6.1,Timpano,110,370.35
vsql2jdnbw,Fender,Aerofono,igillson32,5.64,Sassofono,111,837.76
6l5hs2ai1g,Fender,Archi,athackeray33,4.41,Violino,112,637.73
wnu8dg0k25,Harleybenton,Cordofono,rearengey34,1.79,Chitarra,113,657.55
wmo2tn6fc1,Yamaha,Membranofono,kgreenall35,5.49,Bongo,114,269.51
6smu7oxio8,Goya,Membranofono,bfishpoole36,1.77,Tamburo,115,742.07
78e75q587n,Ortega,Cordofono,ecornils37,5.02,Mandolino,116,352.69
x8w4dnq7tk,Goya,Archi,rpranger38,6.55,Viola,117,69.12
fwpmcih0tn,Fender,Cordofono,dhanson39,2.2,Ukulele,118,729.01
hputrafceh,Gotoh,Archi,bbasset3a,6.94,Violoncello,119,133.25
hdigdlhurs,Gotoh,Archi,ilocock3b,5.57,Viola,120,107.88
ieqgl7li9v,Ortega,Archi,lcrosse3c,3.16,Violino,121,513.65
oe7j9mtv2o,Yamaha,Idiofono,tglaister3d,5.04,Xilofono,122,459.46
72pzmz12ij,Harleybenton,Membranofono,cgocke3e,4.81,Tamburo,123,675.84
0ibe62dh2p,Ortega,Archi,bvarvell3f,3.11,Contrabbasso,124,638.17
vhl3wfvx7d,Gotoh,Aerofono,aanthiftle3g,7.83,Tromba,125,483.95
reuxbpsirb,Gotoh,Aerofono,ntollett3h,1.89,Sassofono,126,908.81
zhunig43ly,Gotoh,Aerofono,tmattia3i,2.65,Flauto,127,898.44
f1fu9o0ukw,Fender,Archi,bjanning3j,1.02,Violino,128,197.5
kbmscvlg8p,Gibson,Cordofono,sinchcomb3k,2.06,Chitarra,129,193.09
jnatmf13bc,Harleybenton,Aerofono,gjoontjes3l,1.68,Oboe,130,553.59
ui5y0rgmbz,Gotoh,Aerofono,jprescott3m,4.19,Clarinetto,131,409.01
312dck5m3g,Goya,Membranofono,mrispen3n,2.91,Timpano,132,873.84
tt1klxp1eu,Fender,Aerofono,lhollows3o,7.31,Oboe,133,832.44
vlexrz1sox,Fender,Cordofono,mblackleech3p,3.8,Mandolino,134,833.21
k6ki10k3uj,Goya,Cordofono,pwatson3q,2.97,Mandolino,135,817.72
iv4ic9a6fn,Ortega,Archi,cbeavis3r,5.14,Violino,136,666.39
fde7eqdr9w,Gretsch,Aerofono,emenelaws3s,4.09,Clarinetto,137,626.5
12erlzbpk7,Gotoh,Cordofono,kjantel3t,5.28,Mandolino,138,39.72
1ly3x16svc,Goya,Aerofono,wbowkett3u,7.95,Oboe,139,649.11
ey5ja488s0,Gibson,Membranofono,zhindes3v,1.43,Tamburo,140,464.1
150phkrtft,Gibson,Cordofono,ekahn3w,3.38,Mandolino,141,634.11
pnkb5054jy,Gibson,Membranofono,mlaurence3x,7.6,Timpano,142,229.09
becmk5edfg,Fender,Cordofono,hkopf3y,3.71,Chitarra,143,943.54
dq195ktj30,Goya,Idiofono,bharkus3z,2.81,Triangolo,144,609.33
2ee61cxnac,Gretsch,Aerofono,hvanderstraaten40,2.26,Oboe,145,580.64
4ha5zy5hdv,Harleybenton,Cordofono,ltwentyman41,7.53,Mandolino,146,150.97
wh3mihu7ep,Gretsch,Aerofono,hmasedon42,4.04,Oboe,147,506.71
b7jzig7gpx,Bontempi,Aerofono,mgiacovetti43,6.2,Oboe,148,866.34
i05xkxvy93,Fender,Cordofono,lpettiford44,6.92,Mandolino,149,759.8
8okjomfove,Ortega,Archi,cdelamar45,5.1,Contrabbasso,150,244.41
h902wujpth,Bontempi,Aerofono,mwadley46,4.28,Flauto,151,845.4
a6ohu3ae4a,Gibson,Membranofono,awakenshaw47,7.52,Tamburo,152,100.78
r5638c2u8v,Bontempi,Idiofono,tsor48,5.2,Campana,153,314.83
68h1kgksup,Yamaha,Aerofono,mbartalini49,3.47,Clarinetto,154,927.43
qja6e5n76o,Harleybenton,Idiofono,cdudill4a,7.04,Triangolo,155,615.99
jgvhlz3nb4,Gibson,Archi,gdunkerley4b,2.04,Violino,156,906.99
5je0e7ey64,Gibson,Membranofono,cconers4c,7.07,Timpano,157,193.88
bw52ed0g83,Gotoh,Cordofono,srookledge4d,1.77,Chitarra,158,877.76
oyrf584lvd,Gibson,Aerofono,syeatman4e,6.32,Flauto,159,236.49
f0k5nl38zn,Harleybenton,Idiofono,gbulteel4f,1.73,Xilofono,160,549.91
6q33q9rni5,Harleybenton,Archi,maluard4g,4.95,Violino,161,129.34
bg2659wnke,Gretsch,Archi,bflanaghan4h,5.25,Viola,162,135.45
6c5jy1iiuj,Harleybenton,Membranofono,aatyeo4i,6.47,Bongo,163,593.95
4q7spkibni,Fender,Idiofono,dantonat4j,7.37,Metallofono,164,31.71
ynr7p6i368,Ortega,Membranofono,nmelville4k,6.89,Tamburo,165,169.66
9j4swgduyh,Yamaha,Aerofono,tmcnish4l,6.34,Tromba,166,571.92
gk3rb4tjzs,Goya,Archi,tragate4m,5.22,Violoncello,167,300.54
z993xw07mf,Yamaha,Archi,diban4n,1.73,Violoncello,168,229.04
b4gxq3xb1k,Gotoh,Aerofono,holenichev4o,6.52,Oboe,169,722.41
7y8o65f3ut,Yamaha,Membranofono,whuxster4p,1.2,Bongo,170,916.41
qogjd0z8ll,Gibson,Cordofono,wnuttey4q,3.21,Mandolino,171,552.31
84ypf4zoej,Goya,Archi,craisbeck4r,4.8,Viola,172,200.45
dye86x2f9m,Goya,Idiofono,vlamlin4s,5.75,Xilofono,173,662.12
7jpawyo6he,Gretsch,Archi,tchestnut4t,1.01,Violino,174,191.92
5cmh5p0s7d,Gretsch,Archi,dtaile4u,5.73,Violoncello,175,24.68
1xmyovfhpi,Goya,Idiofono,dmcilwrick4v,2.41,Metallofono,176,758.79
mmrtoqnl8o,Yamaha,Idiofono,fflaunier4w,7.47,Triangolo,177,22.65
jbmoxpv94b,Harleybenton,Archi,temerson4x,6.4,Violino,178,528.9
m2r1g10gma,Gretsch,Membranofono,dtchir4y,3.42,Bongo,179,493.5
czfdgbsguu,Harleybenton,Cordofono,nwheatman4z,6.62,Banjo,180,188.94
xuvknuwte3,Yamaha,Cordofono,tmerkle50,3.84,Banjo,181,659.14
2aqrut6yrr,Yamaha,Aerofono,cwellbelove51,2.93,Sassofono,182,263.71
w5jibotrvz,Bontempi,Membranofono,mscutts52,7.07,Timpano,183,30.57
bs6vp2qyf5,Harleybenton,Cordofono,cbrook53,2.31,Banjo,184,646.78
ybw9zrlt3l,Gibson,Cordofono,ifranzschoninger54,1.95,Mandolino,185,127.49
t1khvv1655,Gibson,Aerofono,abendelow55,1.48,Oboe,186,824.82
o912mxy5ar,Yamaha,Idiofono,iedlestone56,2.86,Metallofono,187,168.04
vv88botw7q,Yamaha,Idiofono,rhubbard57,5.16,Triangolo,188,123.98
qa3eng1aef,Bontempi,Cordofono,ebeazey58,7.78,Mandolino,189,238.7
tmbxvm64u3,Harleybenton,Aerofono,pdanihel59,2.23,Oboe,190,320.77
83flgjicv1,Gretsch,Aerofono,klusted5a,7.19,Flauto,191,639.13
c0o2xjtoyi,Harleybenton,Aerofono,sbackson5b,6.2,Flauto,192,617.75
te5c38hv5b,Goya,Membranofono,dhaselden5c,3.27,Batteria,193,456.14
aif7q7il88,Fender,Idiofono,jcleverley5d,7.83,Triangolo,194,911.78
cbbcnxw0lw,Harleybenton,Membranofono,lhefferon5e,5.26,Batteria,195,462.68
dh49ntjpxw,Gibson,Idiofono,asager5f,5.02,Triangolo,196,887.13
ep3hoog1uk,Yamaha,Aerofono,tmaven5g,5.2,Tromba,197,44.38
mlz321sydw,Goya,Aerofono,cpeacock5h,2.85,Oboe,198,288.91
stpokpvpef,Yamaha,Membranofono,kmoyler5i,7.29,Tamburo,199,644.28
1clgeuy4kq,Gretsch,Idiofono,rhowler5j,2.22,Metallofono,200,878.95
zmp442o3xr,Gotoh,Cordofono,chelian5k,6.65,Ukulele,201,433.13
d1wkms1dxz,Gibson,Idiofono,fdockreay5l,1.54,Triangolo,202,286.78
v8zgvz9s1j,Harleybenton,Idiofono,vlegerwood5m,7.45,Xilofono,203,350.49
3c9a669700,Yamaha,Idiofono,chacquel5n,6.58,Campana,204,541.2
sfuv84ad17,Goya,Archi,nharbach5o,3.3,Contrabbasso,205,68.85
oiuqxaa1v0,Goya,Idiofono,mbrolly5p,5.56,Xilofono,206,448.7
uja24wbv3w,Goya,Idiofono,mwrotchford5q,7.35,Campana,207,520.8
6sam5sij8b,Ortega,Aerofono,smirralls5r,3.07,Tromba,208,62.18
nvqe0ve4yp,Fender,Archi,cshirer5s,3.89,Viola,209,296.57
m0d14h0q4l,Gibson,Aerofono,uswansbury5t,7.94,Oboe,210,501.12
5s7puu884i,Goya,Cordofono,gdubery5u,5.22,Banjo,211,507.33
jhwcot42xb,Bontempi,Membranofono,vwiggans5v,7.13,Tamburo,212,408.04
yqas5mjfm9,Ortega,Membranofono,asadgrove5w,3.91,Bongo,213,155.31
ft8v0nw6fp,Goya,Cordofono,sdrowsfield5x,5.21,Ukulele,214,49.89
d83eb5cqfk,Ortega,Aerofono,byeude5y,7.32,Clarinetto,215,636.23
h69a75az1l,Ortega,Archi,jjoret5z,1.76,Viola,216,275.58
sjls1sf8lc,Ortega,Idiofono,spetren60,4.93,Campana,217,812.24
op4g26j88p,Bontempi,Membranofono,nbuddleigh61,6.37,Timpano,218,313.27
793b4ki1ay,Harleybenton,Membranofono,dbailey62,4.57,Tamburo,219,269.0
xpti8b55ot,Harleybenton,Idiofono,fmembry63,2.98,Triangolo,220,200.37
fj256bfxza,Gretsch,Membranofono,kodocherty64,2.95,Tamburo,221,452.78
vgvu7yigxw,Harleybenton,Cordofono,lhonsch65,1.4,Mandolino,222,899.42
znvikaxoxc,Gotoh,Cordofono,ddybbe66,4.55,Banjo,223,836.91
w3b2met5r7,Bontempi,Aerofono,ccaren67,1.12,Sassofono,224,207.51
6dn4u4lso6,Fender,Cordofono,dkilmartin68,4.24,Mandolino,225,241.19
twkeesiclf,Fender,Archi,ccosin69,4.64,Viola,226,712.66
juux8dk9fh,Bontempi,Archi,vingliby6a,3.84,Contrabbasso,227,542.61
bwtssmjt0f,Yamaha,Archi,tgoulthorp6b,6.93,Violoncello,228,184.96
abdavdwopa,Ortega,Idiofono,lkisting6c,1.93,Xilofono,229,582.79
x5fiqzbokf,Fender,Archi,vmurrie6d,7.9,Violino,230,322.86
ia2sn5grp7,Gotoh,Membranofono,abicksteth6e,1.16,Tamburo,231,320.92
3i40zd780d,Gretsch,Cordofono,gjerrans6f,4.85,Chitarra,232,933.38
l5dr3eqotl,Gibson,Cordofono,jcardno6g,2.25,Chitarra,233,136.91
j1y445sgyt,Harleybenton,Archi,ksnaddon6h,7.71,Viola,234,158.45
77iogq6yef,Gretsch,Cordofono,lbelchamp6i,2.45,Chitarra,235,232.2
s6ijqv6hwj,Gibson,Idiofono,jvarvell6j,1.34,Triangolo,236,91.87
oisatmcloi,Bontempi,Archi,dhamflett6k,1.08,Viola,237,370.35
fpa2ngk6sp,Gibson,Aerofono,kbysshe6l,7.61,Flauto,238,263.8
0jss7bd50q,Gretsch,Membranofono,ecaslane6m,6.39,Bongo,239,728.65
yci7g2fhdx,Yamaha,Archi,mkennler6n,3.82,Violoncello,240,130.03
g1l5cl75ya,Goya,Archi,mlippard6o,3.59,Violino,241,737.99
ssk6d40l9j,Gibson,Cordofono,bwindle6p,2.29,Mandolino,242,135.09
5svu093ila,Harleybenton,Cordofono,adelias6q,1.56,Banjo,243,818.96
b9nvhn0aar,Fender,Membranofono,agallifont6r,4.28,Tamburo,244,72.93
f640mnmdbc,Yamaha,Idiofono,bcaldwell6s,4.61,Metallofono,245,519.8
pvegymticj,Gibson,Membranofono,oalven6t,4.52,Timpano,246,63.31
t3yc3pli9u,Ortega,Idiofono,bmcvittie6u,2.17,Triangolo,247,420.17
rg68js4xax,Bontempi,Idiofono,edozdill6v,3.48,Metallofono,248,700.55
lbx308vheg,Fender,Membranofono,mgumme6w,1.94,Bongo,249,47.41
hne20ol9sf,Gibson,Archi,bsilbersak6x,6.37,Viola,250,109.31
il965rbyyk,Bontempi,Archi,jwestphal6y,3.47,Viola,251,109.58
6i3c4h4w78,Gibson,Aerofono,dgawke6z,3.48,Sassofono,252,600.42
9lwpfqei9r,Gibson,Aerofono,sfenney70,1.89,Sassofono,253,786.21
w5jqd3o4by,Goya,Archi,mmepham71,7.44,Viola,254,947.64
0yz1xnmkg1,Gotoh,Archi,ydavinet72,4.14,Contrabbasso,255,211.04
txaai7bao2,Goya,Aerofono,kiacovolo73,3.63,Clarinetto,256,172.41
y96m290455,Goya,Membranofono,dalbro74,5.23,Bongo,257,894.92
f73btybk2u,Gretsch,Idiofono,fweatherup75,2.65,Xilofono,258,643.88
oqzeorepby,Goya,Aerofono,hfidell76,5.63,Oboe,259,104.58
oltymwzy98,Gretsch,Membranofono,sremer77,1.42,Timpano,260,620.3
xqljtp09f7,Gretsch,Archi,psparshott78,1.85,Contrabbasso,261,486.4
y8jhdc9e1f,Ortega,Cordofono,asommerly79,1.63,Chitarra,262,597.4
qcqxk82jw0,Goya,Cordofono,dshires7a,6.34,Chitarra,263,333.86
8jbxa1nrae,Ortega,Aerofono,emarcus7b,7.28,Tromba,264,522.16
pclx7guvm4,Bontempi,Archi,jirons7c,6.08,Viola,265,747.21
raoy40ulws,Bontempi,Aerofono,halfwy7d,6.19,Tromba,266,805.15
6p7vhpnxx6,Fender,Archi,ldrabble7e,1.63,Viola,267,383.83
zie7b7wc7o,Gibson,Idiofono,dshilling7f,4.89,Triangolo,268,430.19
83kw2mmo73,Fender,Membranofono,bkloss7g,4.74,Bongo,269,954.7
pxws5e2w01,Yamaha,Idiofono,zpaulat7h,1.36,Campana,270,185.6
8qxcssy7fb,Fender,Cordofono,kkieran7i,7.35,Mandolino,271,388.93
a2kyoqepik,Harleybenton,Membranofono,sivakin7j,7.7,Batteria,272,645.52
pd7ainxyuq,Bontempi,Aerofono,ilittler7k,7.17,Clarinetto,273,393.8
a1uv6vyxz2,Gotoh,Membranofono,ctunney7l,3.87,Timpano,274,930.51
dsv5e98aon,Ortega,Archi,bporter7m,5.91,Violino,275,735.73
632pkj23ko,Yamaha,Membranofono,erippon7n,1.94,Timpano,276,922.33
iasb6yytte,Gibson,Aerofono,wmeek7o,6.76,Oboe,277,506.52
7lgqtap0t5,Gretsch,Archi,ezanardii7p,1.92,Viola,278,448.65
2g4ewgenpw,Fender,Cordofono,ratcheson7q,2.27,Banjo,279,839.09
i0xn7zlxax,Gretsch,Cordofono,rgouth7r,5.86,Chitarra,280,328.31
olrc7x67p9,Harleybenton,Idiofono,jbeddall7s,3.66,Metallofono,281,354.68
1ap7vyng47,Goya,Idiofono,jmcgillecole7t,1.88,Triangolo,282,798.34
ts06vjt0je,Ortega,Membranofono,fcholmondeley7u,1.97,Timpano,283,636.94
v9mf0k2o1z,Gretsch,Archi,llemarquand7v,4.48,Contrabbasso,284,893.39
kw96s1pox5,Harleybenton,Idiofono,kvickery7w,5.2,Xilofono,285,334.22
ai7yer5r6l,Gretsch,Archi,mvallerine7x,1.51,Violoncello,286,88.17
g2ezc8dc3a,Goya,Membranofono,tthornewell7y,2.6,Bongo,287,184.85
48jcvblzeh,Fender,Archi,ivasyukhin7z,1.72,Viola,288,830.17
j607hnydos,Harleybenton,Membranofono,gbartalini80,5.84,Tamburo,289,956.18
jvxfbvownt,Yamaha,Archi,emundie81,1.62,Viola,290,196.98
71yv5qjaou,Ortega,Archi,santonik82,7.0,Violoncello,291,487.21
ulr305qbe5,Bontempi,Archi,rlekeux83,4.06,Contrabbasso,292,482.55
ktku8t1819,Ortega,Archi,edunbobbin84,5.18,Violoncello,293,663.02
idotgaq21x,Goya,Aerofono,bdraysay85,4.3,Tromba,294,812.86
w8wkw4mtew,Harleybenton,Idiofono,cgrinnell86,6.17,Xilofono,295,529.04
d3crf4d33m,Gotoh,Cordofono,mdorgon87,7.45,Chitarra,296,620.34
gdoj0wt491,Gibson,Archi,tarmfield88,2.03,Violoncello,297,440.01
9lzgj054dr,Gibson,Membranofono,langer89,2.0,Tamburo,298,898.13
iu4qwupuvy,Bontempi,Idiofono,sothick8a,4.32,Triangolo,299,110.96
zrgth84qr2,Harleybenton,Idiofono,kcoggings8b,6.34,Xilofono,300,596.31
4xlgpx7g0p,Yamaha,Membranofono,kfattore8c,2.04,Tamburo,301,700.2
qifjji5cip,Gibson,Archi,abraemer8d,3.79,Violino,302,274.44
9r23t6oold,Fender,Membranofono,kscriven8e,3.65,Timpano,303,822.81
qf0f6udjg8,Gretsch,Archi,fellison8f,4.54,Contrabbasso,304,395.65
zbzo63w2rd,Gotoh,Idiofono,torrom8g,6.06,Triangolo,305,300.27
fmyte2ele5,Yamaha,Archi,bstookes8h,1.34,Violino,306,102.7
wvk8ips7rd,Gotoh,Aerofono,mtoffler8i,2.66,Sassofono,307,254.46
n3syppnxfc,Harleybenton,Cordofono,ctruluck8j,3.25,Banjo,308,45.39
rz112yowkm,Gibson,Archi,ihatfield8k,5.17,Contrabbasso,309,306.74
dhq09vo4ez,Gibson,Idiofono,rokey8l,1.01,Campana,310,363.33
76b4d0wx8g,Gotoh,Archi,mducaen8m,3.62,Contrabbasso,311,290.38
zmfo59bksj,Bontempi,Cordofono,jtoman8n,5.82,Banjo,312,113.22
xvszxew34s,Harleybenton,Cordofono,dwards8o,6.26,Mandolino,313,906.73
zz2sautyla,Bontempi,Membranofono,cpickton8p,3.26,Timpano,314,537.78
ddvm8lr35s,Gibson,Aerofono,twigglesworth8q,6.36,Oboe,315,722.31
fx3p3ghjuf,Gibson,Archi,hcurnokk8r,6.58,Violoncello,316,842.11
pruhz3hhwb,Harleybenton,Idiofono,dfabler8s,4.62,Campana,317,154.38
i2lypp3ydw,Gretsch,Membranofono,bsmallpeace8t,6.1,Timpano,318,230.96
wh88434zwz,Gretsch,Archi,lboake8u,3.44,Contrabbasso,319,171.15
vlcvg6klqb,Gibson,Aerofono,svarley8v,7.6,Sassofono,320,478.62
szk3ymiyqf,Yamaha,Membranofono,ggaineofengland8w,7.29,Bongo,321,373.87
u2nqzpq8ww,Harleybenton,Archi,kwhistan8x,5.12,Contrabbasso,322,531.93
4l8sdp9yai,Gretsch,Idiofono,fsapsforde8y,5.14,Metallofono,323,757.46
piynj72wcm,Goya,Cordofono,bscutchings8z,5.04,Chitarra,324,401.34
m3kk9tbyc6,Harleybenton,Cordofono,shay90,2.16,Ukulele,325,376.67
ce51e9i1eo,Gretsch,Idiofono,kpowrie91,1.49,Metallofono,326,632.85
q373dwyjno,Gibson,Idiofono,ddolder92,4.61,Xilofono,327,543.04
0hq38zhf9q,Goya,Idiofono,cbolan93,7.77,Campana,328,34.0
9nyamargxx,Fender,Cordofono,csangster94,4.53,Chitarra,329,757.71
544labc414,Bontempi,Idiofono,nhoppner95,6.75,Xilofono,330,425.26
8pq6vvoz3y,Gotoh,Membranofono,agordon96,2.42,Batteria,331,522.49
1x970ecq2t,Bontempi,Idiofono,zwestwater97,5.34,Campana,332,859.63
bu868ggtc9,Gotoh,Idiofono,ebiggadyke98,1.37,Metallofono,333,683.61
61fbzxtk2e,Bontempi,Cordofono,gjeffress99,7.75,Ukulele,334,116.64
uwnaxbi5rd,Bontempi,Archi,npeepall9a,7.96,Contrabbasso,335,58.63
v4nhdu2mub,Gibson,Aerofono,tlamperti9b,3.86,Clarinetto,336,333.31
za1p3smu68,Gotoh,Aerofono,wadshead9c,3.1,Clarinetto,337,824.1
c0qs9h37si,Gotoh,Aerofono,temmer9d,1.86,Oboe,338,565.68
d59wputahg,Gotoh,Aerofono,bcucinotta9e,1.22,Tromba,339,594.26
wbfbpgj45n,Yamaha,Cordofono,gstallard9f,3.78,Ukulele,340,47.51
549y4qezgq,Bontempi,Idiofono,gbackshaw9g,2.33,Triangolo,341,959.09
z9j04kf8m8,Ortega,Archi,asimpole9h,4.84,Contrabbasso,342,703.16
gyqe8uf7bz,Fender,Idiofono,edykas9i,6.97,Xilofono,343,622.32
zrzaqodoxj,Fender,Aerofono,gaddinall9j,4.04,Flauto,344,326.42
ktoyws6phb,Harleybenton,Idiofono,hhavik9k,3.12,Xilofono,345,245.17
jiiy0cn6oa,Gibson,Membranofono,nstienham9l,4.01,Tamburo,346,380.18
vn98srzabh,Gretsch,Aerofono,plamble9m,5.48,Clarinetto,347,119.17
mmxpzppnlu,Goya,Archi,sapplegarth9n,5.92,Violoncello,348,709.69
0wtcmcrkex,Gotoh,Idiofono,egrabham9o,6.8,Xilofono,349,168.36
c9ix4y4s8a,Fender,Aerofono,bgostick9p,3.56,Tromba,350,371.78
i1uwgvosjs,Harleybenton,Membranofono,rhuban9q,6.55,Bongo,351,191.77
6jxrogn141,Bontempi,Aerofono,kduerden9r,6.03,Clarinetto,352,130.63
wln2hx5sbc,Gretsch,Aerofono,nduplock9s,2.99,Clarinetto,353,126.96
i6jrftwhnv,Harleybenton,Idiofono,hsweedland9t,6.9,Metallofono,354,929.59
szgyxc1x6q,Harleybenton,Archi,laspinal9u,7.75,Violoncello,355,831.86
5mg1smrow0,Harleybenton,Membranofono,laitken9v,7.39,Timpano,356,325.71
r2ykgd2ew9,Gibson,Aerofono,krusted9w,7.87,Oboe,357,528.88
kvu15rprto,Gibson,Aerofono,nbinne9x,6.77,Clarinetto,358,275.68
m6ddrbyb32,Goya,Membranofono,pingliss9y,2.72,Tamburo,359,687.2
73p8uppvcd,Goya,Idiofono,keric9z,1.57,Metallofono,360,614.7
ahipueohk4,Gretsch,Cordofono,ckimptona0,2.98,Ukulele,361,590.02
ro9rgf98s7,Goya,Archi,kmacgilfoylea1,2.05,Viola,362,610.46
i09naoj15h,Gibson,Idiofono,mvoasea2,5.05,Metallofono,363,117.98
f57jb61o62,Bontempi,Archi,celesa3,7.94,Contrabbasso,364,440.01
4l8qk6ithw,Gretsch,Idiofono,rdymotta4,5.88,Xilofono,365,224.29
tspoedojzi,Gotoh,Idiofono,jkerssa5,5.06,Xilofono,366,722.76
2ir0pt7nx3,Fender,Idiofono,osantorinia6,6.06,Triangolo,367,668.73
783hx6aafq,Yamaha,Aerofono,gchansonnea7,7.43,Sassofono,368,48.49
deuinpveae,Ortega,Membranofono,fdominighia8,5.27,Timpano,369,665.11
oxajea0xgd,Harleybenton,Archi,tstollera9,2.31,Violino,370,142.56
5h2oqaeay2,Gotoh,Archi,hgilleanaa,1.97,Violoncello,371,759.1
t62k93vcbl,Goya,Aerofono,alegoodab,6.17,Tromba,372,649.6
56fqcn88bw,Goya,Aerofono,bqualtroac,7.11,Oboe,373,918.9
ppqsymxan9,Harleybenton,Cordofono,jgerinad,4.89,Mandolino,374,161.31
kelzbhpv47,Harleybenton,Cordofono,gcouldwellae,7.42,Mandolino,375,935.28
uvkb8x0k3p,Gotoh,Archi,jjoblinaf,7.17,Viola,376,413.2
0eeh9sj95v,Gibson,Aerofono,abuttag,1.07,Sassofono,377,836.02
9zpn79vogs,Fender,Archi,dgethynah,6.27,Violoncello,378,394.33
sx0epfgeqj,Gotoh,Archi,cpetrussiai,4.2,Violoncello,379,112.25
r9jpsu7gxw,Fender,Idiofono,fmcrannellaj,5.65,Metallofono,380,799.1
nvsjvws4v0,Gotoh,Membranofono,ctourryak,4.6,Bongo,381,265.16
fbi2uxot9z,Gretsch,Archi,watwelal,7.44,Contrabbasso,382,121.55
54ijfom5zi,Bontempi,Archi,tpimblottam,1.93,Viola,383,325.68
3bisn7ecby,Goya,Aerofono,cschierschan,7.21,Flauto,384,750.54
yu26vfwnnn,Gotoh,Aerofono,ltotaroao,4.08,Sassofono,385,593.17
gsl193znzz,Ortega,Membranofono,bwrideap,1.23,Bongo,386,81.13
f41giiqtiq,Goya,Membranofono,acreadyaq,1.81,Bongo,387,466.28
8sgcrs2idv,Goya,Idiofono,egreevesonar,4.92,Campana,388,818.12
m07gsxqyoi,Harleybenton,Aerofono,jcomstyas,5.45,Clarinetto,389,483.22
6lrcq7de7z,Yamaha,Archi,dvidoat,2.24,Contrabbasso,390,700.15
58b9vs4np3,Harleybenton,Idiofono,abampfordau,6.43,Campana,391,807.68
0wk1ru7z2c,Gibson,Cordofono,cguideraav,2.34,Banjo,392,494.54
w1wi2952bm,Gretsch,Idiofono,tgrewaw,5.19,Triangolo,393,405.33
sbnms7kkwf,Fender,Archi,kranniganax,2.65,Violoncello,394,146.53
esi6otf5j0,Gibson,Aerofono,mrembrandtay,6.9,Sassofono,395,864.38
yo5yysqkvv,Fender,Idiofono,acaheyaz,5.99,Metallofono,396,568.08
2tweqoaem9,Goya,Aerofono,gklassb0,5.93,Sassofono,397,718.24
wklad0bz9n,Yamaha,Archi,cloughneyb1,1.13,Contrabbasso,398,421.34
8jx6t0llh5,Goya,Idiofono,jfawbertb2,3.16,Metallofono,399,201.28
4my7lhdb76,Harleybenton,Archi,gbinesteadb3,1.59,Violino,400,29.65
